tid,comAuthor,comAuthorImg,comContent,comAddress,comTime
9264705822,æœˆyeçš„å¿§ä¼¤,https://gss0.bdstatic.com/6LZ1dD3d1sgCo2Kml5_Y_D3/sys/portrait/item/tb.1.d0cbf74.F0q69h1XdHkkMo4hZAva5w?t=1459905641,                    ,å››å·,2024-11-16 00:47
9264705822,æœªçŸ¥ä½œè€…,æ— å¤´åƒ,,åœ°å€ä¿¡æ¯ç¼ºå¤±,æ—¶é—´ä¿¡æ¯ç¼ºå¤±
9264705822,æˆé¼ ä¸æ˜¯çè¯´,https://gss0.bdstatic.com/6LZ1dD3d1sgCo2Kml5_Y_D3/sys/portrait/item/tb.1.c76c821.hoqitQy_2Qta-ui_qgUEcw?t=1630728267,                    æ²¡æˆ‘å°±æ˜¯é»‘å¹•,äº‘å—,2024-11-16 01:13
9264705822,å­™ç¬‘å·3333,https://gss0.bdstatic.com/6LZ1dD3d1sgCo2Kml5_Y_D3/sys/portrait/item/tb.1.363f2e3c.7y58ktJAigaQQkFfNdpgvg?t=1732919603,                    ä¸ºä»€ä¹ˆæ²¡æœ‰æˆ‘,å¹¿è¥¿,2024-11-17 03:41
9264705822,è´´å§ç”¨æˆ·_abKStKS,https://gss0.bdstatic.com/6LZ1dD3d1sgCo2Kml5_Y_D3/sys/portrait/item/tb.1.44bdf49d.lvRQewkqFAkZvm5hXTAVMQ?t=1662714959,                    é»‘å¹•,æµ™æ±Ÿ,2024-11-17 11:05
9264705822,æ¥æ©æ–¯å¡”å…¬çˆµ,https://gss0.bdstatic.com/6LZ1dD3d1sgCo2Kml5_Y_D3/sys/portrait/item/tb.1.6f569cb.Lr86HTUSm7ZSR4EPDlidCw?t=1721300269,                    3,æ–°ç–†,2024-11-17 13:26
9264705822,å°æ©˜å­å–ğŸ‘®ğŸ¿â€,https://gss0.bdstatic.com/6LZ1dD3d1sgCo2Kml5_Y_D3/sys/portrait/item/tb.1.f9899941._0TsTUj-BL228JKt69Q62w?t=1730293172,                    ,æµ™æ±Ÿ,2024-11-17 14:12
9264705822,äº•äº•äº•ä¸¶å¼º,https://gss0.bdstatic.com/6LZ1dD3d1sgCo2Kml5_Y_D3/sys/portrait/item/tb.1.22dbc115.ab9l6rOOoOSRkvc65-DkZw?t=1728866907,                    123,å¤©æ´¥,2024-11-17 16:49
9264705822,æœªçŸ¥ä½œè€…,æ— å¤´åƒ,,åœ°å€ä¿¡æ¯ç¼ºå¤±,æ—¶é—´ä¿¡æ¯ç¼ºå¤±
9264705822,å—å³°çŸ¥æˆ‘äº¦,https://gss0.bdstatic.com/6LZ1dD3d1sgCo2Kml5_Y_D3/sys/portrait/item/tb.1.3a97b509.1eKHq85-frCRhBRK3xk3Gg?t=1711337375,                    ğŸ˜ƒ,æ²³å—,2024-11-17 19:06
9264705822,è´´å§ç”¨æˆ·_5Z4VJJe,https://gss0.bdstatic.com/6LZ1dD3d1sgCo2Kml5_Y_D3/sys/portrait/item/tb.1.cd8a41.AJTeNm8Chv0WXbbuiAT69A?t=1729963520,                    3,é’æµ·,2024-11-18 10:33
9264705822,è´´å§ç”¨æˆ·_5Z4VJJe,https://gss0.bdstatic.com/6LZ1dD3d1sgCo2Kml5_Y_D3/sys/portrait/item/tb.1.cd8a41.AJTeNm8Chv0WXbbuiAT69A?t=1729963520,                    å†…å¹•,é’æµ·,2024-11-18 10:34
9264705822,å‘¨ä¼šæ•Dx,https://gss0.bdstatic.com/6LZ1dD3d1sgCo2Kml5_Y_D3/sys/portrait/item/tb.1.23325c96.reByVPq8i0I4nxQt6XKfAQ?t=1677031765,                    3,æµ™æ±Ÿ,2024-11-18 13:05
9264705822,æ«å¯æŸ°,https://gss0.bdstatic.com/6LZ1dD3d1sgCo2Kml5_Y_D3/sys/portrait/item/tb.1.9e993e90.8FzsvAp3ooY00asEZvQoNA?t=1730047458,                    ,é™•è¥¿,2024-11-18 14:56
9264705822,è´´å§ç”¨æˆ·_GWCSZJN,https://gss0.bdstatic.com/6LZ1dD3d1sgCo2Kml5_Y_D3/sys/portrait/item/tb.1.80317369.NZoRA9C3g-rjce2MTU1YlA?t=1655809568,                    3,å®‰å¾½,2024-11-18 23:49
9264705822,æœªçŸ¥ä½œè€…,æ— å¤´åƒ,,åœ°å€ä¿¡æ¯ç¼ºå¤±,æ—¶é—´ä¿¡æ¯ç¼ºå¤±
9264705822,è´´å§ç”¨æˆ·_GWCSZJN,https://gss0.bdstatic.com/6LZ1dD3d1sgCo2Kml5_Y_D3/sys/portrait/item/tb.1.80317369.NZoRA9C3g-rjce2MTU1YlA?t=1655809568,                    3,å®‰å¾½,2024-11-18 23:49
9264705822,è´´å§ç”¨æˆ·_GWCSZJN,https://gss0.bdstatic.com/6LZ1dD3d1sgCo2Kml5_Y_D3/sys/portrait/item/tb.1.80317369.NZoRA9C3g-rjce2MTU1YlA?t=1655809568,                    3,å®‰å¾½,2024-11-18 23:49
9264705822,è´´å§ç”¨æˆ·_GWCSZJN,https://gss0.bdstatic.com/6LZ1dD3d1sgCo2Kml5_Y_D3/sys/portrait/item/tb.1.80317369.NZoRA9C3g-rjce2MTU1YlA?t=1655809568,                    3,å®‰å¾½,2024-11-18 23:49
9264705822,å¼µå¤§ä½›çˆ·Â¹Â¹,https://gss0.bdstatic.com/6LZ1dD3d1sgCo2Kml5_Y_D3/sys/portrait/item/tb.1.b768c488.OMqJnoDVubdmYkw0mOpoGw?t=1670480443,                    +3,å±±è¥¿,2024-11-19 07:25
9264705822,é˜´é˜³ç©ºæ ¼,https://gss0.bdstatic.com/6LZ1dD3d1sgCo2Kml5_Y_D3/sys/portrait/item/tb.1.b5a30037.WIb6M3mL81yNFcDoxBg0Kg?t=1705813390,                    3,é»‘é¾™æ±Ÿ,2024-11-19 10:44
9264705822,é˜´é˜³ç©ºæ ¼,https://gss0.bdstatic.com/6LZ1dD3d1sgCo2Kml5_Y_D3/sys/portrait/item/tb.1.b5a30037.WIb6M3mL81yNFcDoxBg0Kg?t=1705813390,                    3,é»‘é¾™æ±Ÿ,2024-11-19 10:44
9264705822,æœªçŸ¥ä½œè€…,æ— å¤´åƒ,,åœ°å€ä¿¡æ¯ç¼ºå¤±,æ—¶é—´ä¿¡æ¯ç¼ºå¤±
9264705822,é˜´é˜³ç©ºæ ¼,https://gss0.bdstatic.com/6LZ1dD3d1sgCo2Kml5_Y_D3/sys/portrait/item/tb.1.b5a30037.WIb6M3mL81yNFcDoxBg0Kg?t=1705813390,                    3,é»‘é¾™æ±Ÿ,2024-11-19 10:44
9264705822,é˜´é˜³ç©ºæ ¼,https://gss0.bdstatic.com/6LZ1dD3d1sgCo2Kml5_Y_D3/sys/portrait/item/tb.1.b5a30037.WIb6M3mL81yNFcDoxBg0Kg?t=1705813390,                    3,é»‘é¾™æ±Ÿ,2024-11-19 10:44
9264705822,é˜´é˜³ç©ºæ ¼,https://gss0.bdstatic.com/6LZ1dD3d1sgCo2Kml5_Y_D3/sys/portrait/item/tb.1.b5a30037.WIb6M3mL81yNFcDoxBg0Kg?t=1705813390,                    3,é»‘é¾™æ±Ÿ,2024-11-19 10:44
9264705822,çƒ«å¤´è€å¸ˆå‚…,https://gss0.bdstatic.com/6LZ1dD3d1sgCo2Kml5_Y_D3/sys/portrait/item/tb.1.f0564e23.KytRCFRohTBJ38SXWGVElQ,                    å®šåˆ¶,é‡åº†,2024-11-19 16:39
9264705822,é˜´é˜³ç©ºæ ¼,https://gss0.bdstatic.com/6LZ1dD3d1sgCo2Kml5_Y_D3/sys/portrait/item/tb.1.b5a30037.WIb6M3mL81yNFcDoxBg0Kg?t=1705813390,                    3,é»‘é¾™æ±Ÿ,2024-11-20 10:30
9264705822,é˜´é˜³ç©ºæ ¼,https://gss0.bdstatic.com/6LZ1dD3d1sgCo2Kml5_Y_D3/sys/portrait/item/tb.1.b5a30037.WIb6M3mL81yNFcDoxBg0Kg?t=1705813390,                    3,é»‘é¾™æ±Ÿ,2024-11-20 10:30
9264705822,æœªçŸ¥ä½œè€…,æ— å¤´åƒ,,åœ°å€ä¿¡æ¯ç¼ºå¤±,æ—¶é—´ä¿¡æ¯ç¼ºå¤±
9264705822,é˜´é˜³ç©ºæ ¼,https://gss0.bdstatic.com/6LZ1dD3d1sgCo2Kml5_Y_D3/sys/portrait/item/tb.1.b5a30037.WIb6M3mL81yNFcDoxBg0Kg?t=1705813390,                    3,é»‘é¾™æ±Ÿ,2024-11-20 10:30
9264705822,é˜´é˜³ç©ºæ ¼,https://gss0.bdstatic.com/6LZ1dD3d1sgCo2Kml5_Y_D3/sys/portrait/item/tb.1.b5a30037.WIb6M3mL81yNFcDoxBg0Kg?t=1705813390,                    3,é»‘é¾™æ±Ÿ,2024-11-20 10:30
9264705822,é˜´é˜³ç©ºæ ¼,https://gss0.bdstatic.com/6LZ1dD3d1sgCo2Kml5_Y_D3/sys/portrait/item/tb.1.b5a30037.WIb6M3mL81yNFcDoxBg0Kg?t=1705813390,                    3,é»‘é¾™æ±Ÿ,2024-11-20 10:30
9264705822,è´´å§èµ›äº‹,https://gss0.bdstatic.com/6LZ1dD3d1sgCo2Kml5_Y_D3/sys/portrait/item/tb.1.46832ee5.xaQvz_OxIisHmGAtV_D3TQ?t=1720426323,                      @åˆä¸é“æµå¹´æš—ä¸­å·æ¢    @é»‘å¤œå¯»é˜³ @ayasadesu   @å“Ÿå“Ÿå“Ÿæ‹³   @å‘-æ—¥-è‘µ_ @å…­çˆ·ç…®ç²¥å–   @SanerğŸ§   @é‚£é£éªšçš„ä¸€é—ª   @snowmeteor   @è´´å§ç”¨æˆ·_JaRDeCP @é›¶ä¸‹274   @ä½ çš„è€äº”å‘€   @å¤©ä½¿ç¬‘ç¬‘å§   @æˆ‘ä¸€ç›´å¾ˆæŒä¹…   @è¯¶å¥½å¤šäº‹   @æ¢µè’‚å†ˆåœ°å›¾   @æ¼«å¤©æ˜Ÿæ–—   @ä¸€åªæ–‡å°‘- @Charon:   @é…’äº•èŠ±ä¸€   @Tuinxs   @äº¦æ´   @è´´å§ç”¨æˆ·_GbCG3SC   @é€†æ—¶é—´è·¯é€”   @Yk1106-   @Hugæˆ‘çš„   @xhx18248038723   @è´´å§ç”¨æˆ·_086MJAe   @liuchang0108   @ä¸¸åŸæ‚”æƒªçš„è³¼   @wbgå¤¹å¤¹go   @relaxï¼šï¼‰   @å¯‚å¯å¦‚é›ªÂ·è´¹é©¬   @æºªåˆå‘€   @æ›¦è¶Šæ›³   @è´´å§ç”¨æˆ·_7M26Ny9   @è´´å§ç”¨æˆ·_atSyXe3   @è´´å§ç”¨æˆ·_aZUtDQ2   @sTorY   @æ¼‚ä¹å…®ä¹   @é£›é›¨è½èŠ±ä¸­   @è´´å§ç”¨æˆ·_GWVbeDe @æ˜¯æ˜¯æ˜¯_ä½ è¯´çš„_éƒ½å¯¹   @M78çš„å¥½ç”·å­©   @å°å±çŒªä»”   @å¸ˆå§celina   @jklğŸ˜‹   @äººé—´ä¸–éæ¢¦   @åªåªåªåªï¼ @ajjdhå¥½ä»¥ä¸Šä¸­å¥–äººå‘˜è¿˜æ²¡æœ‰å›å¤å°èµ›ç§ä¿¡æ¶ˆæ¯ï½ï¼Œè¯·æŸ¥çœ‹è´´å§æ¶ˆæ¯ï¼Œå¹¶äº11.20æ—¥23:59å‰åŠæ—¶å›å¤ï¼Œæœ€åä¸€æ¬¡æé†’å•¦ï¼Œæˆªæ­¢ä»Šæ—¥åè¿˜æœªå›å¤åˆ™è§†ä¸ºæ”¾å¼ƒå¥–å“é¢†å–,åŒ—äº¬,2024-11-20 11:37
9265049618,å¾ˆç”œçš„ç”œ,https://gss0.bdstatic.com/6LZ1dD3d1sgCo2Kml5_Y_D3/sys/portrait/item/tb.1.97c2f3d.dRWRWHFfSuqBmSzzNVsU6g?t=1708875519,                    å¤ªå¥½äº†,é‡åº†,2024-11-13 17:33
9265049618,æœªçŸ¥ä½œè€…,æ— å¤´åƒ,,åœ°å€ä¿¡æ¯ç¼ºå¤±,æ—¶é—´ä¿¡æ¯ç¼ºå¤±
9265049618,ç™½ç¾Šå“¦å“¦å“¦å¥½å§,https://gss0.bdstatic.com/6LZ1dD3d1sgCo2Kml5_Y_D3/sys/portrait/item/tb.1.6766b3a1.YG4ouaE_slJvW4sl8_h_dg,                    q å¸æ€ä¹ˆå…‘æ¢å•Šï¼Ÿæ€ä¹ˆæ„Ÿè§‰ç»™çš„å¡å·å’Œå¯†ç éƒ½ä¸å¯¹ï¼Ÿä½æ•°éƒ½ä¸å¯¹,å±±ä¸œ,2024-11-14 12:34
9265049618,æ™´æ™´æ™´å­,https://gss0.bdstatic.com/6LZ1dD3d1sgCo2Kml5_Y_D3/sys/portrait/item/tb.1.ac934348.G6TgSjOAyKRUPtvvwDk7yg?t=1722235156,                    æˆ‘è¶…ï¼Œä¸­å¥–äº†ï¼Ÿ,æ±Ÿè‹,2024-11-14 12:44
9265049618,å•Šæ—ä¸åƒäº,https://gss0.bdstatic.com/6LZ1dD3d1sgCo2Kml5_Y_D3/sys/portrait/item/tb.1.96fd8a64.8N0yiprJAH2zVrTxuWm5rA?t=1730972019,                    ,å®‰å¾½,2024-11-14 14:11
9265049618,å¯¿å¸å°å§ä¸åŠ é†‹,https://gss0.bdstatic.com/6LZ1dD3d1sgCo2Kml5_Y_D3/sys/portrait/item/tb.1.31f43a77.VUQwNWunQuI7qZAgCRsrSQ?t=1694754644,                    ä¸­å¥–äº†ï¼ŸğŸ¤¤,æ¹–åŒ—,2024-11-14 19:38
9265049618,æ²¡æœ‰å¹³è¡¡çš„å¤©ç§¤,https://gss0.bdstatic.com/6LZ1dD3d1sgCo2Kml5_Y_D3/sys/portrait/item/tb.1.f72f33fa.9jwe5906vhK9yYhHJ2Gkhg?t=1729482918,                    30Qå¸ï¼Œå¥½è€¶,æ±Ÿè‹,2024-11-14 22:36
9265049618,BLGelk,https://gss0.bdstatic.com/6LZ1dD3d1sgCo2Kml5_Y_D3/sys/portrait/item/tb.1.f35cb2ca.njH1OniuP1BTD1Cg7CSyBw?t=1716038374,                    è¿™ä¸ªå¹´é‰´æ˜¯å®˜æ–¹çš„å—,æ²³åŒ—,2024-11-15 13:34
9265049618,æœªçŸ¥ä½œè€…,æ— å¤´åƒ,,åœ°å€ä¿¡æ¯ç¼ºå¤±,æ—¶é—´ä¿¡æ¯ç¼ºå¤±
9265049618,ç«ç‘°ç²¾çµå¥½è´µ,https://gss0.bdstatic.com/6LZ1dD3d1sgCo2Kml5_Y_D3/sys/portrait/item/tb.1.34a72c4b.QimpdgYlqTPaQvev6UgTxg?t=1712637675,                    nice è¿™è¾ˆå­ç¬¬ä¸€æ¬¡,æ¹–åŒ—,2024-11-15 15:58
9265049618,æ˜Ÿæ²³é•¿æ˜6,https://gss0.bdstatic.com/6LZ1dD3d1sgCo2Kml5_Y_D3/sys/portrait/item/tb.1.70cf0e14.PtKHtlmvTdcezo_G265hcQ?t=1665178611,                    æœ‰æ²¡æœ‰è¦å‡ºçš„ï¼Œæˆ‘å•¥ä¹Ÿæ²¡ä¸­,æ²³å—,2024-11-15 18:26
9265049618,å§¬å¦‚æ¢¦2,https://gss0.bdstatic.com/6LZ1dD3d1sgCo2Kml5_Y_D3/sys/portrait/item/tb.1.a295e8d7._zXKQAhU60b8qNz_w7N0XA,                    åŠ æ²¹,ç¦å»º,2024-11-15 18:41
9265049618,è½ç¾½ã‚™ã‚™,https://gss0.bdstatic.com/6LZ1dD3d1sgCo2Kml5_Y_D3/sys/portrait/item/tb.1.6b21b1a9.pnwuBvUcQ-DR4zl6FY-05A?t=1723310715,                    3,é»‘é¾™æ±Ÿ,2024-11-15 18:42
9265049618,ç§‹åˆ€èŠ‹,https://gss0.bdstatic.com/6LZ1dD3d1sgCo2Kml5_Y_D3/sys/portrait/item/tb.1.ff39b1c9.SeR39fKGe-VFU4QYbsIcfQ,                    å¤ªå¥½äº†ï¼Œä¸­å¥–äº†,å®‰å¾½,2024-11-15 18:47
9265049618,é’äº‘æœªéœ,https://gss0.bdstatic.com/6LZ1dD3d1sgCo2Kml5_Y_D3/sys/portrait/item/tb.1.69775e86.R70MaQqxIeFbHmeAi9lCEQ,                    3,å®‰å¾½,2024-11-15 19:20
9265049618,æœªçŸ¥ä½œè€…,æ— å¤´åƒ,,åœ°å€ä¿¡æ¯ç¼ºå¤±,æ—¶é—´ä¿¡æ¯ç¼ºå¤±
9265049618,æˆ‘å¼Ÿå¼Ÿæ— ,https://gss0.bdstatic.com/6LZ1dD3d1sgCo2Kml5_Y_D3/sys/portrait/item/tb.1.4966264d.HCTl1zERGjLTVRHX0pESrQ?t=1549423004,                    è¯¶,æ±Ÿè¥¿,2024-11-15 19:20
9265049618,ç§‹åˆ€èŠ‹,https://gss0.bdstatic.com/6LZ1dD3d1sgCo2Kml5_Y_D3/sys/portrait/item/tb.1.ff39b1c9.SeR39fKGe-VFU4QYbsIcfQ,                    è¿˜æ²¡æ”¶åˆ°ä¿¡æ¯å•Šã€‚,å®‰å¾½,2024-11-16 01:22
9265049618,szf1533,https://gss0.bdstatic.com/6LZ1dD3d1sgCo2Kml5_Y_D3/sys/portrait/item/tb.1.17e36b89._1nJg-PVpI9MV4iOQrijAg?t=1699531249,                    blgè¾“äº†æˆ‘èµ¢äº†,æ±Ÿè‹,2024-11-16 17:02
9265049618,çƒ™èåªä¼šåƒåº·,https://gss0.bdstatic.com/6LZ1dD3d1sgCo2Kml5_Y_D3/sys/portrait/item/tb.1.60da33b8.nZNdhg9CLJzKtXGMiURfHA?t=1717151226,                    ä¸­å¥–äº†,å±±ä¸œ,2024-11-16 23:13
9265049618,djcursj,https://gss0.bdstatic.com/6LZ1dD3d1sgCo2Kml5_Y_D3/sys/portrait/item/tb.1.d0f60b5e.aCfjxcVvTc-LCQYSz6tomw?t=1723439418,                    è™½ç„¶blgè¾“äº†ï¼Œä½†æ˜¯èµšäº†30qå¸ï¼Œä¹Ÿè¡Œå§,æ¹–åŒ—,2024-11-17 23:12
9265049618,è´´å§ç”¨æˆ·_GWCSZJN,https://gss0.bdstatic.com/6LZ1dD3d1sgCo2Kml5_Y_D3/sys/portrait/item/tb.1.80317369.NZoRA9C3g-rjce2MTU1YlA?t=1655809568,                    3,å®‰å¾½,2024-11-19 23:44
9265049618,æœªçŸ¥ä½œè€…,æ— å¤´åƒ,,åœ°å€ä¿¡æ¯ç¼ºå¤±,æ—¶é—´ä¿¡æ¯ç¼ºå¤±
9265049618,å¤©é™…å®ˆæœ›è€…ğŸŒ ,https://gss0.bdstatic.com/6LZ1dD3d1sgCo2Kml5_Y_D3/sys/portrait/item/tb.1.c19f9397.vMCHvRggV76GOBPBzevxLg?t=1711763824,                    ä¿æŒåŠ æ²¹,å››å·,2024-11-21 00:13
9265049618,è“æ¥¹5,https://gss0.bdstatic.com/6LZ1dD3d1sgCo2Kml5_Y_D3/sys/portrait/item/tb.1.3fa61019.fWMlIjgU8sg_kv1SEAQKpA,                    ,å±±ä¸œ,2024-11-24 16:20
9265049618,çˆ½ğŸ¦Œ,https://gss0.bdstatic.com/6LZ1dD3d1sgCo2Kml5_Y_D3/sys/portrait/item/tb.1.27085062.6-mRNwJPiBmvbi3DZX1uzQ?t=1731256973,                    3,æ±Ÿè‹,2024-11-27 17:06
9265049618,çˆ½ğŸ¦Œ,https://gss0.bdstatic.com/6LZ1dD3d1sgCo2Kml5_Y_D3/sys/portrait/item/tb.1.27085062.6-mRNwJPiBmvbi3DZX1uzQ?t=1731256973,                    3,æ±Ÿè‹,2024-11-27 17:06
9265049618,çˆ½ğŸ¦Œ,https://gss0.bdstatic.com/6LZ1dD3d1sgCo2Kml5_Y_D3/sys/portrait/item/tb.1.27085062.6-mRNwJPiBmvbi3DZX1uzQ?t=1731256973,                    3,æ±Ÿè‹,2024-11-27 17:06
9265049618,çˆ½ğŸ¦Œ,https://gss0.bdstatic.com/6LZ1dD3d1sgCo2Kml5_Y_D3/sys/portrait/item/tb.1.27085062.6-mRNwJPiBmvbi3DZX1uzQ?t=1731256973,                    3,æ±Ÿè‹,2024-11-27 17:06
9265049618,æœªçŸ¥ä½œè€…,æ— å¤´åƒ,,åœ°å€ä¿¡æ¯ç¼ºå¤±,æ—¶é—´ä¿¡æ¯ç¼ºå¤±
9265049618,çˆ½ğŸ¦Œ,https://gss0.bdstatic.com/6LZ1dD3d1sgCo2Kml5_Y_D3/sys/portrait/item/tb.1.27085062.6-mRNwJPiBmvbi3DZX1uzQ?t=1731256973,                    3,æ±Ÿè‹,2024-11-27 17:06
9265049618,è¯¦å®‡,https://gss0.bdstatic.com/6LZ1dD3d1sgCo2Kml5_Y_D3/sys/portrait/item/tb.1.978a17a1.IkHtD_pZRHyaq6zbux95wA?t=1680429749,                    ä¸­äº†ç²¾è£…ç‰ˆå¹´é‰´å•¥æ—¶å€™å‘è´§å•Š,æ¹–åŒ—,2024-11-27 17:57
9265049618,ç§€å–„,https://gss0.bdstatic.com/6LZ1dD3d1sgCo2Kml5_Y_D3/sys/portrait/item/tb.1.be8cbbfd.bAwE9Nf0LioLzGcoYaBLnw?t=1729235701,3,ä¸Šæµ·,2024-11-30 22:16
9192427219,å•çº¯çˆ±èŒèšªâ™§,https://gss0.bdstatic.com/6LZ1dD3d1sgCo2Kml5_Y_D3/sys/portrait/item/tb.1.45762283.IkknIu2f7Csk341Rw6j4CQ?t=1727348382,                    èŒèšªæ€ä¸æ€ï¼Ÿ,å¹¿ä¸œ,2024-09-26 19:45
9192427219,æœªçŸ¥ä½œè€…,æ— å¤´åƒ,,åœ°å€ä¿¡æ¯ç¼ºå¤±,æ—¶é—´ä¿¡æ¯ç¼ºå¤±
9192427219,äº”æ˜Ÿä¸Šå°†_éº¦å…‹é˜¿é£,https://gss0.bdstatic.com/6LZ1dD3d1sgCo2Kml5_Y_D3/sys/portrait/item/tb.1.1d2e6b0.u-ukzSmvjauLRPNNaqcRTA?t=1730612482,                    é¥®é­”æ€ä¸æ€ï¼Ÿ,å¹¿ä¸œ,2024-09-26 20:05
9192427219,DkMidking,https://gss0.bdstatic.com/6LZ1dD3d1sgCo2Kml5_Y_D3/sys/portrait/item/tb.1.febde370.2DmBEHw-Ty6DzzolHqXjFg?t=1720673827,                    æœ‰krdèŒèšªæ··æ·†è§†å¬,æµ™æ±Ÿ,2024-09-26 23:57
9192427219,ä¸¤ç‘œ,https://gss0.bdstatic.com/6LZ1dD3d1sgCo2Kml5_Y_D3/sys/portrait/item/tb.1.cc6f8c75.vIKb_Stg3xOCGb4wBfPvtg?t=1481262786,                    17æ¥¼é‚£æ¥¼ä¸» é“ç†è¯´ä¸è¿‡äº†å°±æ’’æ³¼æ‰“æ»š æ‡’å¾—é¸Ÿä»–äº†è¿˜ä¸€ç›´å‡Œæ™¨è‰¾ç‰¹éª‚çˆ¶æ¯ ä¸çŸ¥é“æ˜¯ä¸æ˜¯æ™šä¸Šå–å®Œä¸€è‚šå­ç« èƒ½ç»™è¿™ç§äººç›´æ¥å¾ªäº†ä¸,æ±Ÿè¥¿,2024-09-27 10:12
9192427219,æ€å†¬çª©å®¢,https://gss0.bdstatic.com/6LZ1dD3d1sgCo2Kml5_Y_D3/sys/portrait/item/tb.1.a95f1a1c.p851u15DB_mdMHrge8FZNA?t=1611880553,                    èƒ½ä¸èƒ½å…ˆç¡®å®šçœŸçš„æ˜¯krdå†å°å•Šï¼Ÿæˆ‘å‘ç°æŸä¸ªé‚ªæ•™å°¿ç²‰ç»„ç»‡å¾ˆå–œæ¬¢ç»™äººæ‰£å¸½å­krdï¼Œä¸æ”¯æŒä»–ä»¬å®¶å“¥å“¥å°±æ˜¯krdï¼Œæ‰£å¸½å­krdè¿˜ä¹±ä¸¾æŠ¥ï¼Œæ¯”èµ›ä¸€è¾“å°±æ”¯æŒlckï¼Œå“¥å“¥æ²¡å‚åŠ äºšè¿å°±æ”¯æŒéŸ©å›½é˜Ÿï¼Œç„¶åä¸æ”¯æŒå“¥å“¥å°±æ‰£å¸½å­æ˜¯æ–­æ‰‹ç²‰ã€krdä¹‹ç±»çš„ï¼Œè¿™ç§å§ä¸»ä»¬èƒ½åˆ†æ¸…æ¥šå—ï¼Ÿ,åŠ æ‹¿å¤§,2024-09-28 13:14
9192427219,æ¸…è¾‰æœˆå‡,https://gss0.bdstatic.com/6LZ1dD3d1sgCo2Kml5_Y_D3/sys/portrait/item/tb.1.6afb3ee.cb32YqX9-nusIla6wb2LjA?t=1718527366,                    â•3,é™•è¥¿,2024-09-28 13:18
9192427219,s15fmvpå–»æ–‡æ³¢,https://gss0.bdstatic.com/6LZ1dD3d1sgCo2Kml5_Y_D3/sys/portrait/item/tb.1.29827a5.NAwMND8eE5t1zMaPBgs4Yw?t=1722263633,                    å°ä¸€ä¸‹è¿™æ¡krd ï¼Œ2æ¥¼é‡Œçš„å›å¤,æ¹–å—,2024-09-28 15:04
9192427219,æœªçŸ¥ä½œè€…,æ— å¤´åƒ,,åœ°å€ä¿¡æ¯ç¼ºå¤±,æ—¶é—´ä¿¡æ¯ç¼ºå¤±
9192427219,æˆ‘æ¨é›ªä¹‹ä¸‹,https://gss0.bdstatic.com/6LZ1dD3d1sgCo2Kml5_Y_D3/sys/portrait/item/tb.1.bfdb1d5c.hjxCyce5HKOlsYAZI6E_jA?t=1725352971,                    è¿™ç§dinnerè´´èƒ½å°å—,é™•è¥¿,2024-09-30 00:36
9192427219,å¥¶ç‰›ä¸äº§ç‰›å¥¶,https://gss0.bdstatic.com/6LZ1dD3d1sgCo2Kml5_Y_D3/sys/portrait/item/tb.1.63ba098b.toCeAdrMZltEA4cBu5r5_Q?t=1648722824,                    è¿™è´´å­èƒ½ä¸èƒ½å¸®æˆ‘è§£å°å•Šæ²¡æ•£å¸ƒå¹¿å‘Šå‘€ç“¦æ‰¹å¹çš„â€œç”µç«æœ€é«˜æ®¿å ‚â€è¢«å·´è¥¿ä½¬è–„çº±äº†,å¹¿ä¸œ,2024-09-30 22:11
9192427219,äº¬ç«ç«å°¼åŠ¨ç”»,https://gss0.bdstatic.com/6LZ1dD3d1sgCo2Kml5_Y_D3/sys/portrait/item/tb.1.b6b320e0.3XgyeOrp1iBbRAtwvVqCxg?t=1729421945,                    å§åŠ¡æœ‰æ»´èƒ½å„¿å“¦,å¹¿ä¸œ,2024-10-01 08:03
9192427219,è´´å§ç”¨æˆ·_QK2ZD4E,https://gss0.bdstatic.com/6LZ1dD3d1sgCo2Kml5_Y_D3/sys/portrait/item/tb.1.bb6b2d55.EfxcWN_4BLOWAqrEbRcmIg,                    å§åŠ¡é‡Œæœ‰åäººï¼Œå‘ä¸ªåŠ æ²¹éƒ½è¢«å°,å››å·,2024-10-01 11:09
9192427219,è´´å§ç”¨æˆ·_7WKG32y,https://gss0.bdstatic.com/6LZ1dD3d1sgCo2Kml5_Y_D3/sys/portrait/item/tb.1.569b9305.ptvP8M2r_1WanlUJEY1PmQ?t=1731377374,                      äºŒæ¸¸é‡ç‹—,å¹¿ä¸œ,2024-10-01 11:52
9192427219,ç½‘å‹ä»Šé¡ºæ±,https://gss0.bdstatic.com/6LZ1dD3d1sgCo2Kml5_Y_D3/sys/portrait/item/tb.1.8baaf1f0.Lp5b-egYkJ9UcPPbymlFlg?t=1720779821,                    ç±³é‡ç‹—æ€ä¸æ€,æ¹–åŒ—,2024-10-01 12:20
9192427219,æœªçŸ¥ä½œè€…,æ— å¤´åƒ,,åœ°å€ä¿¡æ¯ç¼ºå¤±,æ—¶é—´ä¿¡æ¯ç¼ºå¤±
9192427219,s15fmvpå–»æ–‡æ³¢,https://gss0.bdstatic.com/6LZ1dD3d1sgCo2Kml5_Y_D3/sys/portrait/item/tb.1.29827a5.NAwMND8eE5t1zMaPBgs4Yw?t=1722263633,                    ,æ¹–å—,2024-10-01 12:21
9192427219,è´´å§ç”¨æˆ·_76P6W2P,https://gss0.bdstatic.com/6LZ1dD3d1sgCo2Kml5_Y_D3/sys/portrait/item/tb.1.1d7c93c.Zpf0giNI-_1PGv5G2NTVhg?t=1538484916,                     è¿™ä¸ªå¸–å­äºŒæ¥¼çš„å›å¤é‡Œé¢ï¼Œé‚£åˆ«äººçˆ¶æ¯æ¶å¿ƒäººçš„ç©æ„å„¿èµ¶ç´§å°äº†,åŒ—äº¬,2024-10-01 13:17
9192427219,ä¸ƒå¤œ,https://gss0.bdstatic.com/6LZ1dD3d1sgCo2Kml5_Y_D3/sys/portrait/item/tb.1.a4cb0c85.G3fZ1HcMuRalGRgV9yJcIw?t=1647644115,                      æ‰‹æ»‘è¯¯åˆ äº† ä¸å¥½æ„æ€ Sorry  ä½ å†é‡æ–°å‘ä¸€æ¬¡,å¹¿ä¸œ,2024-10-01 23:21
9192427219,-å‘æ™šå¤§æ‘¸ç‹-äºŒå·æœº,https://gss0.bdstatic.com/6LZ1dD3d1sgCo2Kml5_Y_D3/sys/portrait/item/tb.1.e68243d9.-M1fvZh77jzRjRch2N0Z3Q?t=1728730813,                    æˆ‘è¿™ä¸ªå¸–å­å°±æŠ•ç¥¨é€‰é¡¹é‡ŒåŠ äº†ä¸ª48binå°±åå¤©äº†å•Š,å±±ä¸œ,2024-10-02 13:36
9192427219,é‡å­èƒ¶å¸¦7å·æœº,https://gss0.bdstatic.com/6LZ1dD3d1sgCo2Kml5_Y_D3/sys/portrait/item/tb.1.dcd5b5ce.wLF8aTE0QYa9ilBAzl8tjg?t=1698567646,                    è¿™ä¸ªç®—ä¸ç®—ï¼Œæ˜æ˜¾çš„è¸©tesæ§t1,æ–°åŠ å¡,2024-10-03 20:09
9192427219,å•çº¯çˆ±é©¬å¤´,https://gss0.bdstatic.com/6LZ1dD3d1sgCo2Kml5_Y_D3/sys/portrait/item/tb.1.7bc97714.J7pFBCxq_2ZDMIvjPLJ6pw?t=1728631388,                    https://tieba.baidu.com/p/9202960017?&share=9105&fr=sharewise&is_video=false&unique=68F29D2E16F8CEBECC39E7EE27AB0A37&st=1727960740&client_type=1&client_version=12.69.1.0&sfc=copy&share_from=post,å¹¿ä¸œ,2024-10-03 21:06
9192427219,æœªçŸ¥ä½œè€…,æ— å¤´åƒ,,åœ°å€ä¿¡æ¯ç¼ºå¤±,æ—¶é—´ä¿¡æ¯ç¼ºå¤±
9192427219,å•çº¯çˆ±,https://gss0.bdstatic.com/6LZ1dD3d1sgCo2Kml5_Y_D3/sys/portrait/item/tb.1.7c389d18.xT4oUowbEA4neThmDHRWSA?t=1562907389,                    ,æ²³å—,2024-10-04 00:31
9192427219,é¦™è•‰çŒäººæç›¸èµ«ğŸŒ,https://gss0.bdstatic.com/6LZ1dD3d1sgCo2Kml5_Y_D3/sys/portrait/item/tb.1.b4051c5a.gwu7Q9_wXdtOgh-Gres8rA?t=1712860057,                     14æ¥¼,æ¹–åŒ—,2024-10-04 10:47
9192427219,Tetrarch,https://gss0.bdstatic.com/6LZ1dD3d1sgCo2Kml5_Y_D3/sys/portrait/item/tb.1.59b3c39c.pOhy1J6mo8qAk7giwbrJpg?t=1711515935,                     äºŒæ¥¼,è¾½å®,2024-10-04 17:06
9192427219,ç‚½çƒˆå†²é”‹æ‘§æ¯ç†”å²©ä¹‹æŸ±,https://gss0.bdstatic.com/6LZ1dD3d1sgCo2Kml5_Y_D3/sys/portrait/item/tb.1.d6b394f2.-vAFcC6ConNSGr-bUIngGw?t=1725781825,                     50æ¥¼,å±±ä¸œ,2024-10-05 17:03
9192427219,ç‚½çƒˆå†²é”‹æ‘§æ¯ç†”å²©ä¹‹æŸ±,https://gss0.bdstatic.com/6LZ1dD3d1sgCo2Kml5_Y_D3/sys/portrait/item/tb.1.d6b394f2.-vAFcC6ConNSGr-bUIngGw?t=1725781825,                    ,å±±ä¸œ,2024-10-05 17:08
9192427219,ä»¤äººçª’æ¯,https://gss0.bdstatic.com/6LZ1dD3d1sgCo2Kml5_Y_D3/sys/portrait/item/tb.1.3f256fbc.Ov5nZPZsDyzVqej6wETJUw?t=1648144689,                     äºŒæ¥¼é‡Œé¢ï¼Œå››æ¥¼çš„ä¹Ÿä¸­krdç®¡ä¸ç®¡ï¼Ÿå¤©å¤©åœ¨é‚£è·³è„¸,é‡åº†,2024-10-05 23:00
9192427219,æœªçŸ¥ä½œè€…,æ— å¤´åƒ,,åœ°å€ä¿¡æ¯ç¼ºå¤±,æ—¶é—´ä¿¡æ¯ç¼ºå¤±
9192427219,è´´å§ç”¨æˆ·_aKCKWJ3,https://gss0.bdstatic.com/6LZ1dD3d1sgCo2Kml5_Y_D3/sys/portrait/item/tb.1.adc1900.MJVShhNVFrBTiG4Tj7PuZA?t=1611848543,                     è¿™ä¸ªèƒ½ä¸èƒ½å¤„ç†ï¼Œä¹‹å‰ä¹Ÿæœ‰ä¸€ä¸ªå’Œä»–IPä¸€æ ·çš„ä¸€ç›´åœ¨é»‘galaï¼Œä¼°è®¡å·²ç»æ˜¯è¢«å¤„ç†å¼€å°å·äº†ï¼Œç°åœ¨åˆæ¥äº†,å¹¿ä¸œ,2024-10-05 23:54
9192427219,Tetrarch,https://gss0.bdstatic.com/6LZ1dD3d1sgCo2Kml5_Y_D3/sys/portrait/item/tb.1.59b3c39c.pOhy1J6mo8qAk7giwbrJpg?t=1711515935,                     è¿™ä¸ªè´´åº”è¯¥çŠ¯è§„äº†å§,è¾½å®,2024-10-06 15:26
9192427219,ç‚½çƒˆå†²é”‹æ‘§æ¯ç†”å²©ä¹‹æŸ±,https://gss0.bdstatic.com/6LZ1dD3d1sgCo2Kml5_Y_D3/sys/portrait/item/tb.1.d6b394f2.-vAFcC6ConNSGr-bUIngGw?t=1725781825,                     è¿™ç®—å—,å±±ä¸œ,2024-10-06 17:02
9192427219,ç‚½çƒˆå†²é”‹æ‘§æ¯ç†”å²©ä¹‹æŸ±,https://gss0.bdstatic.com/6LZ1dD3d1sgCo2Kml5_Y_D3/sys/portrait/item/tb.1.d6b394f2.-vAFcC6ConNSGr-bUIngGw?t=1725781825,                    ,å±±ä¸œ,2024-10-06 21:43
9297216276,å•çº¯çˆ±æœ«ç‚,https://gss0.bdstatic.com/6LZ1dD3d1sgCo2Kml5_Y_D3/sys/portrait/item/tb.1.c37babd3.AwqAmNBxQ6JuxLo_CuiKGA?t=1710919788,                    ï¼Ÿ,æ²³å—,2024-11-30 21:55
9297216276,æœªçŸ¥ä½œè€…,æ— å¤´åƒ,,åœ°å€ä¿¡æ¯ç¼ºå¤±,æ—¶é—´ä¿¡æ¯ç¼ºå¤±
9297216276,è½æ¨±å¹»ç°,https://gss0.bdstatic.com/6LZ1dD3d1sgCo2Kml5_Y_D3/sys/portrait/item/tb.1.502d34a0.wgiRLgqm2s2ZDL8XWeidRA?t=1720867395,                    12æœˆ3æ—¥ å‘¨äºŒBO1 13:00 NS VS VIE 2024KeSPAæ¯BO1 14:15 HLE VS GEN 2024KeSPAæ¯BO1 15:30 VIE VS DK 2024KeSPAæ¯BO1 16:45 T1 VS NS 2024KeSPAæ¯BO1 18:00 VIE VS HLE 2024KeSPAæ¯BO1 19:30 GEN VS NS 2024KeSPAæ¯BO1 20:30 DK VS T1 2024KeSPAæ¯12æœˆ5æ—¥ å‘¨å››BO1 12:00 TBD VS TBD 2024KeSPAæ¯BO1 13:15 TBD VS TBD 2024KeSPAæ¯BO1 14:30 TBD VS TBD 2024KeSPAæ¯BO1 15:45 TBD VS TBD 2024KeSPAæ¯BO1 17:00 TBD VS TBD 2024KeSPAæ¯12æœˆ7æ—¥ å‘¨å…­BO3 14:00 TBD VS TBD 2024KeSPAæ¯BO3 16:30 TBD VS TBD 2024KeSPAæ¯,æµ™æ±Ÿ,2024-11-30 21:55
9297216276,è½æ¨±å¹»ç°,https://gss0.bdstatic.com/6LZ1dD3d1sgCo2Kml5_Y_D3/sys/portrait/item/tb.1.502d34a0.wgiRLgqm2s2ZDL8XWeidRA?t=1720867395,                    ,æµ™æ±Ÿ,2024-11-30 21:55
9297216276,å²æœˆä¼´æˆ‘èµ°ä¸¶,https://gss0.bdstatic.com/6LZ1dD3d1sgCo2Kml5_Y_D3/sys/portrait/item/tb.1.9aeae938.bQ9Ddr3NTcBT6kwXqKSeAQ?t=1692172133,                    é˜…,å¹¿ä¸œ,2024-11-30 21:59
9297216276,ä»–çš„å¤±æ„ä¸é€‰æ‹©,https://gss0.bdstatic.com/6LZ1dD3d1sgCo2Kml5_Y_D3/sys/portrait/item/tb.1.c5d39b93.lyZfeQdMOH87pqaM4Wg_HA?t=1729788657,                    è¿™å•¥,å¹¿ä¸œ,2024-11-30 22:53
9297216276,é‡Œä¸­åƒæ,https://gss0.bdstatic.com/6LZ1dD3d1sgCo2Kml5_Y_D3/sys/portrait/item/tb.1.97bb78b8.Zgy7heWwIPSSYMUsRyOpqw?t=1687672193,                    kæ¯ä»¥å‰sktæ—¶æœŸè¿˜è¦ä¸Šå…¨ä¸»åŠ›æ‰“æ‰“ï¼ˆè™½ç„¶å¥½åƒä»æ²¡å¤ºå† è¿‡ï¼Ÿï¼‰ï¼Œç°åœ¨å¤§ä¼™éƒ½æ˜¯åº”ä»˜äº†ä¸€å…±å°±gen.gã€dkã€nsè¿™ä¸‰ä¸ªé˜Ÿä¸Šä¸»åŠ›æ‰“,æ±Ÿè¥¿,2024-11-30 22:56
9297216276,ä»å‰,https://gss0.bdstatic.com/6LZ1dD3d1sgCo2Kml5_Y_D3/sys/portrait/item/tb.1.25568d5e.g52d4VwtrfK4CiI7lTrgKw?t=1724501304,                    TBDæ¯,æµ™æ±Ÿ,2024-12-01 00:30
9297216276,æœªçŸ¥ä½œè€…,æ— å¤´åƒ,,åœ°å€ä¿¡æ¯ç¼ºå¤±,æ—¶é—´ä¿¡æ¯ç¼ºå¤±
9297216276,kkiis2,https://gss0.bdstatic.com/6LZ1dD3d1sgCo2Kml5_Y_D3/sys/portrait/item/tb.1.20e62b88.o7D7hi3_twymfp8gOoIirA?t=1590226476,                    1,å¹¿è¥¿,2024-12-01 01:32
9297216276,å¸•æ‹‰æ–¯ ,https://gss0.bdstatic.com/6LZ1dD3d1sgCo2Kml5_Y_D3/sys/portrait/item/tb.1.b8b10c80.Tfv5gyrPSd5vvQrNgoFBkQ?t=1720182435,                    ä¸Šé’Ÿäº†ï¼Œä¸Šç­å°±æ˜¯ä¸ºäº†ä¸‹ç­çš„,å¹¿ä¸œ,2024-12-01 08:11
9297216276,6666ghgf,https://gss0.bdstatic.com/6LZ1dD3d1sgCo2Kml5_Y_D3/sys/portrait/item/tb.1.3b451a76.nuPrBqsyk9dnKLq6pVBPIw?t=1646642414,                    ä¸Šé’Ÿ,æ²³å—,2024-12-01 08:46
9297216276,è´´å§ç”¨æˆ·_GUP9PGJ,https://gss0.bdstatic.com/6LZ1dD3d1sgCo2Kml5_Y_D3/sys/portrait/item/tb.1.477f155.v3zWzU6Fg1v0GIl0-C0bsw,                    ****ç‰²å£ï¼Œå“ˆå“ˆå“ˆå“ˆå“ˆå“ˆå“ˆå“ˆå“ˆå“ˆ,é™•è¥¿,2024-12-01 10:20
9297216276,é»‘ç‹—æ­£ç¾©,https://gss0.bdstatic.com/6LZ1dD3d1sgCo2Kml5_Y_D3/sys/portrait/item/tb.1.2df3e5e2.mRNZYa5jbtgc-iCaNVPLiA?t=1713611803,                    å‘¨æœ«è¿˜ä¸Šç­ï¼Ÿ,å‰æ—,2024-12-01 10:44
9298056420,Gâ… NSHERRY,https://gss0.bdstatic.com/6LZ1dD3d1sgCo2Kml5_Y_D3/sys/portrait/item/tb.1.3e74932.DaMQW8U83KjpHzZxeupc9w?t=1732982522,                    å®åœ¨æ²¡æ´»ï¼Œå¤šè¯´å‡ éç§‘ç›®å››ï¼Œç§‘ç›®äº”éƒ½è¡Œï¼Œèƒ½åˆ«è¿™ä¹ˆä½èƒ½å—,å®‰å¾½,2024-12-01 10:46
9298056420,æœªçŸ¥ä½œè€…,æ— å¤´åƒ,,åœ°å€ä¿¡æ¯ç¼ºå¤±,æ—¶é—´ä¿¡æ¯ç¼ºå¤±
9298056420,æ ¹æœ¬æ— æ˜,https://gss0.bdstatic.com/6LZ1dD3d1sgCo2Kml5_Y_D3/sys/portrait/item/tb.1.ec0de594.6VlKdasYy11uUWHR56GLXg?t=1619065761,                    æŠ—æŠ—ä»¬ä¹Ÿæ‚Ÿäº†ï¼Œæ‚Ÿå‡ºè…¾è®¯å’Œlplçš„æ¶å¿ƒä¹‹å¤„äº†,å±±è¥¿,2024-12-01 10:48
9298056420,è¶…çº§è¾©è®ºæ‰‹,https://gss0.bdstatic.com/6LZ1dD3d1sgCo2Kml5_Y_D3/sys/portrait/item/tb.1.417ea76a.lZPuBHjUdXhJQJgrR0NidQ?t=1712672741,                    ä½ è®¤çš„è¿™ä¸ªä»€ä¹ˆbigbangçˆ¹ï¼Œæ€•ä½ ä¸çŸ¥é“ï¼ŒèµŒåšã€æ€§ä¹°å–ã€å·æ‹ã€è´ªæ±¡éƒ½æ²¾äº†ï¼Œéƒ½å…³è¿›å»å‡ å¹´äº†,æ±Ÿè‹,2024-12-01 10:54
9298056420,Archerçš„äº²çˆ¹,https://gss0.bdstatic.com/6LZ1dD3d1sgCo2Kml5_Y_D3/sys/portrait/item/tb.1.da3626ac.fbmbrKABzAeF90zftMqlyg?t=1679342205,                    ä¸œbabyåˆå¼€å§‹äº†äº’è”ç½‘ä¸Šæœ€ä½è´±çš„ç©æ„ å°æ—¥å­é—ç•™ä¸‹çš„æ‚ç¢,æµ™æ±Ÿ,2024-12-01 10:56
9298056420,è´´å§ç”¨æˆ·_JAJ9e4b,https://gss0.bdstatic.com/6LZ1dD3d1sgCo2Kml5_Y_D3/sys/portrait/item/tb.1.deda936f.sVzlMkgvOCLPHNea6wTUxg,                    å›æ¥äº†ï¼Œéƒ½å›æ¥äº†ã€‚å‰åŠä¸ªæœˆå¤ªå®‰é™éƒ½æœ‰ç‚¹ä¸ä¹ æƒ¯,å¹¿ä¸œ,2024-12-01 10:56
9298056420,eisisnwjsi,https://gss0.bdstatic.com/6LZ1dD3d1sgCo2Kml5_Y_D3/sys/portrait/item/tb.1.d842bc57.2Aum87gbcrIKJ1ZZ0GONZw?t=1681977496,                    æ²¡å¦ˆå¦ˆçš„äººè¿ç‹—éƒ½ä¸å¦‚å•Š,æµ™æ±Ÿ,2024-12-01 10:56
9298056420,æ‰“å­—åˆ«ä¹±è¯´è¯,https://gss0.bdstatic.com/6LZ1dD3d1sgCo2Kml5_Y_D3/sys/portrait/item/tb.1.be4acadc.tQfcdENcHadR4cV2bE4IWg?t=1732693988,                    æˆ‘ä»2014å¹´å°±åœ¨çœ‹æŠ—å§ã€‚ä¸ºå•¥æˆ‘è§‰å¾—ä¸€ç›´å°±æ˜¯fakerä¸€å§ï¼Ÿfakerä¸€ç›´éƒ½æ˜¯æŠ—å§ç¬¬ä¸€ç»éªŒä¹¦ã€‚å¥½è¯„å¦‚æ½®çš„14å¹´15å¹´çš„dopaï¼ŒUZIï¼Œpawnä¸éƒ½æ˜¯è¦ç¢°ç“·fakeræ‰æœ‰å¤§é‡å›å¤ï¼Ÿ16 17æ›´ä¸å¿…è¯´ï¼Œç‰ˆé¢åä¸ªå¸–å­7ä¸ªå¸¦faker18å¹´å¹æ ¼é‡ŒèŠ¬ï¼ŒUZIçš„å¤š19å¹´å¹IGçš„å¤š20å¹´åˆ°22å¹´ï¼Œæˆ‘å¤©å¤©çœ‹æ–°é—»ï¼Œæ²¡çœ‹æŠ—å§23å¹´åˆ°ç°åœ¨ã€‚ä¸éƒ½æ˜¯å¹fakeçš„,å¹¿è¥¿,2024-12-01 11:04
9298056420,æœªçŸ¥ä½œè€…,æ— å¤´åƒ,,åœ°å€ä¿¡æ¯ç¼ºå¤±,æ—¶é—´ä¿¡æ¯ç¼ºå¤±
9298056420,123å¤§ç›˜ç ,https://gss0.bdstatic.com/6LZ1dD3d1sgCo2Kml5_Y_D3/sys/portrait/item/tb.1.1a1f294b.mWPX-LhL9OlQN92RGOQ4lQ?t=1695046767,                    é¡ºä»ä½ äº†,æ±Ÿè‹,2024-12-01 11:09
9298056420,å¤œé¸¢å’Œä¸‰,https://gss0.bdstatic.com/6LZ1dD3d1sgCo2Kml5_Y_D3/sys/portrait/item/tb.1.751076ed.78zEB25JUYVUhoS-vlNHuQ?t=1724040299,                    æˆ‘ç°åœ¨çœŸæ€€ç–‘å®™æ´»çš„è½¬ä¼šæ˜¯ğŸ‘ŠğŸ»åˆ»æ„å®‰æ’çš„ ä¸€æ¬¡è½¬ä¼šç›´æ¥æŠŠææ‰¹æç›˜æ´»äº† æ²¡äº†å®™æ´»è¿™ä¸ªå¥¶å˜´å—¦ ææ‰¹æåˆ°åº•è¿˜èƒ½æ§è°å‡ºæ¥å¯¹æŠ—å¤§é£ï¼Ÿ,ä¸Šæµ·,2024-12-01 11:15
9298056420,å¹¸ç¦ä¾¯å½©æ“‚,https://gss0.bdstatic.com/6LZ1dD3d1sgCo2Kml5_Y_D3/sys/portrait/item/tb.1.676bf242.vFzdHG5F7GI3bIcM5GZdJg?t=1502513630,                    å˜´ç¡¬åˆå›æ¥äº†,å¹¿ä¸œ,2024-12-01 11:15
9298056420,TTåˆ11ğŸ˜,https://gss0.bdstatic.com/6LZ1dD3d1sgCo2Kml5_Y_D3/sys/portrait/item/tb.1.6447157d.06TX2DrA-KWslodEIgDomQ?t=1730648571,                    æƒ³åƒæ¡Œè§’äº†,æ²³åŒ—,2024-12-01 11:16
9298056420,å¸Œç¿¼,https://gss0.bdstatic.com/6LZ1dD3d1sgCo2Kml5_Y_D3/sys/portrait/item/tb.1.64dd4fc3.o0yyirxZad3NvMjd3NAEvA?t=1669131477,                    ä¸è¿‡å…¶å®èŒèšªä»¬ä¹Ÿä¸è¡Œå•Šã€‚è¿™ç§äººéƒ½å­˜åœ¨,æ±Ÿè‹,2024-12-01 11:16
9298056420,saberé…±_FSN,https://gss0.bdstatic.com/6LZ1dD3d1sgCo2Kml5_Y_D3/sys/portrait/item/tb.1.d26455dc._bg19PbnZxKUIuKgmKsAMw?t=1420687792,                    å¯¹å‘³äº†ï¼Œè·¯è¾¹åæ´¾å°ä¸‘å›æ¥äº†,ä¸Šæµ·,2024-12-01 11:17
9298056420,æœªçŸ¥ä½œè€…,æ— å¤´åƒ,,åœ°å€ä¿¡æ¯ç¼ºå¤±,æ—¶é—´ä¿¡æ¯ç¼ºå¤±
9298056420,è´´å§ç”¨æˆ·_J7GN16G,https://gss0.bdstatic.com/6LZ1dD3d1sgCo2Kml5_Y_D3/sys/portrait/item/tb.1.a5e06f03.MJNiLq_9lIKMVCVlpg_E3w?t=1729320394,                    å“å‘¦ï¼Œè¿™å¤§æ¯”ç»™æˆ‘è‰¹çš„å‘€ï¼Œæ¡Œè§’åƒå¤šäº†ï¼Ÿ,å®‰å¾½,2024-12-01 11:18
9298056420,äº”å† ç‹faker0,https://gss0.bdstatic.com/6LZ1dD3d1sgCo2Kml5_Y_D3/sys/portrait/item/tb.1.271b2b81.PZNPTzai81kMbfeszdmVcA,                    ä¸œåŒ—å¤§å‚»ç‹—,æ±Ÿè‹,2024-12-01 11:19
9298056420,ç™½é‡‘ä¹‹æ˜Ÿ,https://gss0.bdstatic.com/6LZ1dD3d1sgCo2Kml5_Y_D3/sys/portrait/item/tb.1.90c4a746.5H_AKHbUlphLa2yUGlZ59w?t=1668494414,                    blgbangéƒ½æœ‰å¹çš„æˆ‘ä¹Ÿæ˜¯æœäº†ï¼Œæœ‰è¿›ç›‘ç‹±çš„ï¼Œæœ‰åœ¨å†›é˜Ÿé‡Œè¢«å½“çŒ´è€çš„ï¼Œè¿bengiå»äº†éƒ½èƒ½å¼„ä¸ªå°ç­é•¿å½“å½“ï¼Œè¿™ä¹ˆå¤§è…•å„¿çš„æ€ä¹ˆå»äº†åªèƒ½å½“ğŸ’å‘¢,å±±ä¸œ,2024-12-01 11:22
9298056420,LPLå†å²ä¸“å®¶,https://gss0.bdstatic.com/6LZ1dD3d1sgCo2Kml5_Y_D3/sys/portrait/item/tb.1.d80bd331.-kBU6Z1Ymjhxgdmg40yYHA,                    è¿™åˆæ˜¯å“ªæ¡krçˆ¹ï¼Ÿ,é™•è¥¿,2024-12-01 11:27
9298056420,ç©—ç²’,https://gss0.bdstatic.com/6LZ1dD3d1sgCo2Kml5_Y_D3/sys/portrait/item/tb.1.b58f289a.1Y7J2QzkrVgwcNFnLB6kUw?t=1630495257,                    é¸¡å©† ä»Šå¤©æ²¡æ¥å®¢å˜›,é‡åº†,2024-12-01 11:27
9298056420,è´´å§ç”¨æˆ·_78yCyJ9,https://gss0.bdstatic.com/6LZ1dD3d1sgCo2Kml5_Y_D3/sys/portrait/item/tb.1.bbf017be.kJaXzjZecWILe5YgVTrE0Q?t=1682099833,                    èƒå›åƒæ¡Œè§’åƒå¤šäº†å¯¼è‡´çš„,å¹¿ä¸œ,2024-12-01 11:39
9298056420,æœªçŸ¥ä½œè€…,æ— å¤´åƒ,,åœ°å€ä¿¡æ¯ç¼ºå¤±,æ—¶é—´ä¿¡æ¯ç¼ºå¤±
9298056420,æ–¯æŸ¯è¾¾é»‘,https://gss0.bdstatic.com/6LZ1dD3d1sgCo2Kml5_Y_D3/sys/portrait/item/tb.1.da432842.29jBLabVgdNDgtsLyV8DRw?t=1626964664,                    ä¸ºäº†éª‚èŒèšªè¿˜è¦è®¤å…¶ä»–éŸ©å›½äººå½“çˆ¹,ä¸Šæµ·,2024-12-01 11:41
9298056420,è¿™æ˜¯ä»€ä¹ˆå±±,https://gss0.bdstatic.com/6LZ1dD3d1sgCo2Kml5_Y_D3/sys/portrait/item/tb.1.8654b77a.3RmrMkBvQZqOWDobz0Sqdg?t=1700445906,                    ä¸ç„¶è®¨è®ºè…¾è®¯çš„èµšé’±å·¥å…·lpæï¼Ÿ,å±±è¥¿,2024-12-01 11:43
9298056420,è´´å§ç”¨æˆ·_5E2UJUP,https://gss0.bdstatic.com/6LZ1dD3d1sgCo2Kml5_Y_D3/sys/portrait/item/tb.1.aa86b4b.AOQQQa5XFpo2lCiwa46RNQ?t=1596391274,                    æ˜¯çš„ï¼Œå¤§æç‹—æ˜¯æˆ‘å„¿ï¼Œbigbangæ˜¯ä½ å ï¼Œä½ å½“ç„¶æ˜¯ä¼šè§‰å¾—ä½ å æ¯”æˆ‘å„¿ç‰›é€¼,å¹¿è¥¿,2024-12-01 11:44
9298056420,é¼¯,https://gss0.bdstatic.com/6LZ1dD3d1sgCo2Kml5_Y_D3/sys/portrait/item/tb.1.63c93650.agVHmHrCG1RN8OIgZXUkVg,                    ä½ å—çŸ¥é“ä½ åœ¨ç½‘ä¸ŠæŠŠå¥¹æŒ‚å‡ºæ¥è¢«éª‚å—,å››å·,2024-12-01 11:45
9298056420,B56http,https://gss0.bdstatic.com/6LZ1dD3d1sgCo2Kml5_Y_D3/sys/portrait/item/tb.1.bbfe42a.bCJ0ZQ7f_iLtv05G6MKiMg?t=1654608093,                    å“ªé‡Œçš„é‡ç‹—ä¹±ä¸²ï¼ŒåŸæ¥æ˜¯ğŸğŸ”å§,æ–°ç–†,2024-12-01 11:51
9298056420,supercarry,https://gss0.bdstatic.com/6LZ1dD3d1sgCo2Kml5_Y_D3/sys/portrait/item/tb.1.44844ac4.PB7o-EEVW7Cm1yFRJK3sBA?t=1652695966,                    ä½ å’Œä½ çš„è·¯è¾¹é‡ç‹—å›¢éƒ½ä¸€æ ·æ— äººåœ¨æ„,å¹¿ä¸œ,2024-12-01 11:55
9298097527,CARé˜³Yy,https://gss0.bdstatic.com/6LZ1dD3d1sgCo2Kml5_Y_D3/sys/portrait/item/tb.1.d55d90b8.D5Ipiukx1_qbqTr_Dpv3_A?t=1488886227,                    å“ˆå“ˆï¼Œå¥½ä¼šå»åˆ«äººé‚£æ‰¾ç”»é¢ï¼Œè¿˜æ‹¬å·ğŸ§Ÿâ™‚ï¸ç²‰ã€‚è¿™ä¸å¦¥å¦¥å°å­¦ç”Ÿå—,å®‰å¾½,2024-12-01 11:07
9298097527,æœªçŸ¥ä½œè€…,æ— å¤´åƒ,,åœ°å€ä¿¡æ¯ç¼ºå¤±,æ—¶é—´ä¿¡æ¯ç¼ºå¤±
9298097527,CARé˜³Yy,https://gss0.bdstatic.com/6LZ1dD3d1sgCo2Kml5_Y_D3/sys/portrait/item/tb.1.d55d90b8.D5Ipiukx1_qbqTr_Dpv3_A?t=1488886227,"                    å¥½åƒéƒ½æ˜¯ä»–ä»¬ğŸ§Ÿâ™‚ï¸ç²‰çš„åŠŸåŠ³ä¸€æ ·ï¼Œå˜å­ï¼Œrooke,å†°å²›äººçš„ç²‰ä¸éƒ½æ˜¯åºŸç‰©ä¸€æ ·ã€‚",å®‰å¾½,2024-12-01 11:09
9298097527,CARé˜³Yy,https://gss0.bdstatic.com/6LZ1dD3d1sgCo2Kml5_Y_D3/sys/portrait/item/tb.1.d55d90b8.D5Ipiukx1_qbqTr_Dpv3_A?t=1488886227,                    ,å®‰å¾½,2024-12-01 11:10
9298097527,åˆ—å…‹æ˜Ÿæ•¦,https://gss0.bdstatic.com/6LZ1dD3d1sgCo2Kml5_Y_D3/sys/portrait/item/tb.1.8e8774d1.Kcz31p_6p13ln4s-HZqcLw?t=1678536011,                    ç­‰æ¯”èµ›è¾“äº†å°±æ˜¯å¦ä¸€ä¸ªç”»é¢äº†,è¾½å®,2024-12-01 11:20
9298097527,èŠ‹åœ†æ³¢æ³¢å¥¶,https://gss0.bdstatic.com/6LZ1dD3d1sgCo2Kml5_Y_D3/sys/portrait/item/tb.1.701c11d9.A5DLDgYmQ8LcgyJx0zA5iA?t=1636097640,                    ï¼Ÿ,é™•è¥¿,2024-12-01 11:25
9298097527,æ™®è˜æ´›å°”,https://gss0.bdstatic.com/6LZ1dD3d1sgCo2Kml5_Y_D3/sys/portrait/item/tb.1.8b825b39.9ABFbZ-Gh4uKGsvq61pN0w?t=1588248659,                    ä¸æ˜¯åˆåŒåˆ°äº†è‡ªç”±äººå»äº†æ»”æå—ï¼Ÿå’‹å°±å›å¾’äº†ï¼Ÿ,é™•è¥¿,2024-12-01 11:27
9298097527,å¿ƒå²›æœªç¦»,https://gss0.bdstatic.com/6LZ1dD3d1sgCo2Kml5_Y_D3/sys/portrait/item/tb.1.216652ae.1AEyo6s0liZE-4D7_qUWAA?t=1661560165,                    ä¸»è¦æ˜¯å¾®åšæŠ•ç¥¨æ²¡ä»€ä¹ˆç”¨ä»–ä»¬è¿˜ä¸çŸ¥é“,æ¹–åŒ—,2024-12-01 11:30
9298097527,æœªçŸ¥ä½œè€…,æ— å¤´åƒ,,åœ°å€ä¿¡æ¯ç¼ºå¤±,æ—¶é—´ä¿¡æ¯ç¼ºå¤±
9298097527,seeäººé—´ç™¾æ€,https://gss0.bdstatic.com/6LZ1dD3d1sgCo2Kml5_Y_D3/sys/portrait/item/tb.1.98985a87._dDFMWYcKVFILQ314PTQ2w?t=1694959378,                    æ„Ÿè§‰ä¸ç„¶å“¥å“¥ä¼‘èµ›æœŸç¬¬ä¸€adä¸”ğŸ´è¯´äº†å¥å…¶ä»–äººéƒ½æ„Ÿè§‰å·®ä¸å¤šè¢«é»‘åˆ°ç°åœ¨ä¸”ä¼‘æ¯äº†è¿˜è¦è¢«æ‹¿å‡ºæ¥æ—¶ä¸æ—¶é­å°¸,æ¹–åŒ—,2024-12-01 11:31
9298097527,å¥½é£å¦‚æ°´lan,https://gss0.bdstatic.com/6LZ1dD3d1sgCo2Kml5_Y_D3/sys/portrait/item/tb.1.47b76023.H0krj4bGMEGESTBPGHrHtQ?t=1717254371,                    å”,å››å·,2024-12-01 11:32
9298097527,CARé˜³Yy,https://gss0.bdstatic.com/6LZ1dD3d1sgCo2Kml5_Y_D3/sys/portrait/item/tb.1.d55d90b8.D5Ipiukx1_qbqTr_Dpv3_A?t=1488886227,                    æœ‰ç‚¹æœŸå¾…æ–°èµ›å­£äº†ã€‚å¿«è¿›åˆ°èˆ…èˆ…å˜å­å§ã€‚,å®‰å¾½,2024-12-01 11:34
9298097527,gfzchinvfe,https://gss0.bdstatic.com/6LZ1dD3d1sgCo2Kml5_Y_D3/sys/portrait/item/tb.1.8fe4fa23.xxvGXIGbxucqxYoDYkFXuA?t=1715935377,                    ç¡®å®æ¯”è¢…è¢…å¼ºï¼Œè¢…è¢…ä¸ä»…ä¸æŠ•é˜Ÿå‹è¿˜ä¼šéª‚é˜Ÿå‹ã€‚,æ²³å—,2024-12-01 11:36
9298097527,åå¥³äººç›å¥‡ç›çš„å¾¡ä¸»,https://gss0.bdstatic.com/6LZ1dD3d1sgCo2Kml5_Y_D3/sys/portrait/item/tb.1.ced60ce5.BVaJ27YMcrUP8IDcr1egEw?t=1721968190,                    jså‡c,å±±ä¸œ,2024-12-01 11:42
9298097527,è å›‰ä¹ƒæˆ‘å°å·,https://gss0.bdstatic.com/6LZ1dD3d1sgCo2Kml5_Y_D3/sys/portrait/item/tb.1.e5920434.U2ZaSfhcW4VEphQtMvBYFg?t=1515465495,                    jsè¿˜ä¼šå¸®é˜Ÿå‹æŠ•ç¥¨ï¼Œå½“å¹´ä¹Ÿå¸®hfæŠ•æœ€ä½³é˜µå®¹ã€‚å°¿ç½å­åªä¼šæ€ªé˜Ÿå‹æŠ¢mvp,ç¦å»º,2024-12-01 11:50
9298097527,æœªçŸ¥ä½œè€…,æ— å¤´åƒ,,åœ°å€ä¿¡æ¯ç¼ºå¤±,æ—¶é—´ä¿¡æ¯ç¼ºå¤±
9298097527,xyxz1111,https://gss0.bdstatic.com/6LZ1dD3d1sgCo2Kml5_Y_D3/sys/portrait/item/tb.1.9684b575.XgrM-uEHeTv5umG3nxjuMg?t=1515639830,                    åˆ°åº•æ˜¯è°è°åœ¨æ¨å•Šï¼Ÿåˆ«äººè¶…è¯é‡Œé¢ä¸€æ²¡æ‹‰è¸©äºŒæ²¡æ”»å‡»ï¼Œæ€ä¹ˆæœ‰äººå°±å«ä¸Šæ¯’æ‚äº†ï¼Ÿç‹—ç‰Œä¸­å•ç”¨åœ¨è¿™ç§è¯­å¢ƒä¹Ÿä¸æ˜¯ä¸ªå¥½è¯å§ï¼Ÿ,é™•è¥¿,2024-12-01 11:54
9293713768,è‹±æ¢¨æ¢¨,https://gss0.bdstatic.com/6LZ1dD3d1sgCo2Kml5_Y_D3/sys/portrait/item/tb.1.41bca13c.OJZKhccFCWmOoEUgimioww?t=1726060227,ä»–å¯ä»¥è¯´æ¬¡çº§é‡Œå’ŒsiwooåŒå¨‡çš„ä¸Šå•ï¼Œdkçš„é’è®­æ˜¯çœŸçš„å¼º,ä¸Šæµ·,2024-11-29 02:42
9293713768,æœªçŸ¥ä½œè€…,æ— å¤´åƒ,,åœ°å€ä¿¡æ¯ç¼ºå¤±,æ—¶é—´ä¿¡æ¯ç¼ºå¤±
9293713768,è‹±æ¢¨æ¢¨,https://gss0.bdstatic.com/6LZ1dD3d1sgCo2Kml5_Y_D3/sys/portrait/item/tb.1.41bca13c.OJZKhccFCWmOoEUgimioww?t=1726060227,æ„Ÿè§‰è¿™æ¬¡å®™æ–¯è®©t1é‡æ–°æ„è¯†åˆ°é’è®­çš„é‡è¦æ€§äº†ï¼Œæˆ‘è§‰å¾—æ˜¯å¥½äº‹,ä¸Šæµ·,2024-11-29 02:46
9293713768,æˆ‘å¯„äººé—´ğŸ©¸é¦’å¤´,https://gss0.bdstatic.com/6LZ1dD3d1sgCo2Kml5_Y_D3/sys/portrait/item/tb.1.5861c5a2.pJRRVu_jbi8tojfqR3A7ZA?t=1727849717,                    æŒºå¥½çš„ï¼Œå®æ„¿ä¸Šæ–°äººå†ç»ƒä¹Ÿä¸æƒ³çœ‹åˆ°å¤šå…°,é‡åº†,2024-11-29 02:47
9293713768,è‹±æ¢¨æ¢¨,https://gss0.bdstatic.com/6LZ1dD3d1sgCo2Kml5_Y_D3/sys/portrait/item/tb.1.41bca13c.OJZKhccFCWmOoEUgimioww?t=1726060227,ç„¶åæ˜¯è¿™å¯¹ä¸­é‡ï¼Œå­¦é™¢è”èµ›broçš„ä¸­é‡ï¼Œåˆš3-0æ¨ªæ‰«äº†t1ï¼Œç›´æ¥è¢«ä¹°è¿‡æ¥äº†ï¼Œå¤§å®¶å¯åˆ«å°ç§å­¦é™¢è”èµ›ï¼Œlcké’è®­çœŸæ­£æœ‰æ½œåŠ›çš„éƒ½åœ¨è¿™æ‰“å‘¢ï¼Œè¿™å¯¹ä¸­é‡æ•´ä¸ªè”èµ›å’Œæ€çŒªä¸€æ ·æ¨ªæ‰«äº†æ•´ä¸ªlcké’è®­,ä¸Šæµ·,2024-11-29 02:55
9293713768,é¡¾æœªæ¥QAQ,https://gss0.bdstatic.com/6LZ1dD3d1sgCo2Kml5_Y_D3/sys/portrait/item/tb.1.649b7515.iZ4jCND6PxG4rVo0v-ncFA?t=1480386719,                    ä»€ä¹ˆå† å†›ï¼Ÿ,ä¸Šæµ·,2024-11-29 02:59
9293713768,è‹±æ¢¨æ¢¨,https://gss0.bdstatic.com/6LZ1dD3d1sgCo2Kml5_Y_D3/sys/portrait/item/tb.1.41bca13c.OJZKhccFCWmOoEUgimioww?t=1726060227,ç„¶åå°±æ˜¯t1é’è®­çš„æ•™ç»ƒï¼Œä¸€ä¸ªæ˜¯ä»Šå¹´foxçš„æ•™ç»ƒï¼Œä¸€ä¸ªæ˜¯21å¹´å¸¦lngè¿›ä¸–ç•Œèµ›çš„æ•™ç»ƒ,ä¸Šæµ·,2024-11-29 02:59
9293713768,ä¸‰åƒå­â€,https://gss0.bdstatic.com/6LZ1dD3d1sgCo2Kml5_Y_D3/sys/portrait/item/tb.1.9913dd7e._zS7dE2TJLTPi4aGdRYmCA?t=1719425797,                    ä¸ŠåŠå¼ è„¸åƒå°è™ï¼Œä¸‹åŠå¼ è„¸åƒå®™æ–¯å”‰,æ²³å—,2024-11-29 03:00
9293713768,æœªçŸ¥ä½œè€…,æ— å¤´åƒ,,åœ°å€ä¿¡æ¯ç¼ºå¤±,æ—¶é—´ä¿¡æ¯ç¼ºå¤±
9293713768,è‹±æ¢¨æ¢¨,https://gss0.bdstatic.com/6LZ1dD3d1sgCo2Kml5_Y_D3/sys/portrait/item/tb.1.41bca13c.OJZKhccFCWmOoEUgimioww?t=1726060227,è¿™ä¸ªæ˜¯t1å­¦é™¢è”èµ›ææ‹”ä¸Šæ¥çš„,ä¸Šæµ·,2024-11-29 03:00
9293713768,è‹±æ¢¨æ¢¨,https://gss0.bdstatic.com/6LZ1dD3d1sgCo2Kml5_Y_D3/sys/portrait/item/tb.1.41bca13c.OJZKhccFCWmOoEUgimioww?t=1726060227,ä»Šå¹´t1é‡æ–°æ¡å›é’è®­äº†ï¼Œè™½ç„¶è¿˜æ²¡åˆ°ä»¥å‰çš„ç¨‹åº¦ï¼Œä½†èµ·ç æœ‰æƒ³æ³•äº†ï¼Œä¹‹å‰t1é’è®­çœŸçš„çƒ‚åˆ°ä¸€å®šç¨‹åº¦äº†,ä¸Šæµ·,2024-11-29 03:02
9293713768,è‹±æ¢¨æ¢¨,https://gss0.bdstatic.com/6LZ1dD3d1sgCo2Kml5_Y_D3/sys/portrait/item/tb.1.41bca13c.OJZKhccFCWmOoEUgimioww?t=1726060227,åœ¨æˆ‘è¿™ç°åœ¨t1äºŒé˜Ÿçš„ä¸­é‡æœŸå¾…å€¼æœ€é«˜ï¼Œç„¶åå°±æ˜¯ä¸Šå•äº†,ä¸Šæµ·,2024-11-29 03:03
9293713768,ç©ºæƒ³,https://gss0.bdstatic.com/6LZ1dD3d1sgCo2Kml5_Y_D3/sys/portrait/item/tb.1.130eaa99.0JabPifm6mFdg4Z7a7tozA?t=1600612585,                    dké’è®­çœŸæœ‰ä¸œè¥¿å•Šï¼Œlucidåˆšæä¸Šæ¥å°±è¿›ä¸–ç•Œèµ›äº†,å¤©æ´¥,2024-11-29 03:05
9293713768,è‰è–™ç›´å“‰,https://gss0.bdstatic.com/6LZ1dD3d1sgCo2Kml5_Y_D3/sys/portrait/item/tb.1.f74b3e88.7gkZXvzg2tISA77Q9cTZOg?t=1667611324,                    åˆšæœäº†ä¸‹ï¼Œå¹´åˆçœ‹å®™æ–¯ç›´æ’­é‚£ä¸ªèƒŒæ™¯æ¿å‰‘å§¬å°±æ˜¯ä»–,æ²³åŒ—,2024-11-29 03:06
9293713768,yaneh,https://gss0.bdstatic.com/6LZ1dD3d1sgCo2Kml5_Y_D3/sys/portrait/item/tb.1.b7c6388d.T9B00J9FQ74qgVV_hASwyA?t=1499684177,                    ä¸å¾—ä¸è¯´LCKé‚£è¾¹äººæ‰å‚¨å¤‡æ¯”LPLå¼ºå¤ªå¤šäº†ï¼Œè¿‡ä¸¤å¹´blgé‚£å‡ ä¸ªäººè€äº†å¯å’‹åŠï¼Ÿ,å¹¿ä¸œ,2024-11-29 03:07
9293713768,æœªçŸ¥ä½œè€…,æ— å¤´åƒ,,åœ°å€ä¿¡æ¯ç¼ºå¤±,æ—¶é—´ä¿¡æ¯ç¼ºå¤±
9293713768,æŠ˜ä¸€æŸç,https://gss0.bdstatic.com/6LZ1dD3d1sgCo2Kml5_Y_D3/sys/portrait/item/tb.1.bda5393.kuJpqgHyuWVNgem8a2hNcw,                    07ï¼Ÿä¸æ˜¯æˆ‘ä¸€ä¸ªè§‚ä¼—çœŸæˆè€ä¸œè¥¿äº†,æµ™æ±Ÿ,2024-11-29 03:08
9293713768,HCalcium,https://gss0.bdstatic.com/6LZ1dD3d1sgCo2Kml5_Y_D3/sys/portrait/item/tb.1.276d0db9.G_mtG95hWDke9Hh-yZnlsg?t=1667994030,                    è¿™ä¹ˆæ™šäº†è¿˜ä¸ç¡,å±±ä¸œ,2024-11-29 03:08
9293713768,æŠ˜ä¸€æŸç,https://gss0.bdstatic.com/6LZ1dD3d1sgCo2Kml5_Y_D3/sys/portrait/item/tb.1.bda5393.kuJpqgHyuWVNgem8a2hNcw,                    å†è¿™æ ·ä¸‹å»lcké€‰æ‰‹è¦æ¯”LPLçš„å°ä¸€è½®äº†,æµ™æ±Ÿ,2024-11-29 03:08
9293713768,å¥‡è¿¹ä¸ä½ &é€é¾™,https://gss0.bdstatic.com/6LZ1dD3d1sgCo2Kml5_Y_D3/sys/portrait/item/tb.1.eaa0fae6.3wh_KcfKJLkuKn6zUJo2Tw?t=1693724408,                    æœäº†ä¸‹è¿™äººï¼Œä»–çš„å‰‘å§¬è¢«å®™æ´»é’é’¢å½±è¸¢æˆäº†éº»ç“œ,æ²³å—,2024-11-29 03:09
9293713768,è‹±æ¢¨æ¢¨,https://gss0.bdstatic.com/6LZ1dD3d1sgCo2Kml5_Y_D3/sys/portrait/item/tb.1.41bca13c.OJZKhccFCWmOoEUgimioww?t=1726060227,å¤§å®¶è®°å¾—å¤šå…³æ³¨ä¸­é‡ï¼Œè¿™å¯¹æ­æ¡£æŠŠæ•´ä¸ªå­¦é™¢è”èµ›å…¨æ‰“çˆ†äº†ï¼Œå’Œæ€çŒªä¸€æ ·,ä¸Šæµ·,2024-11-29 03:10
9293713768,ä¸ç”œä¸è¦é’±GO,https://gss0.bdstatic.com/6LZ1dD3d1sgCo2Kml5_Y_D3/sys/portrait/item/tb.1.357c4a00.CYL178I97bYkpbjlic0iVw?t=1446967587,                    T1ä¹‹å‰é’è®­ä¹ŸçŒ›å•Šã€‚ç°åœ¨ä¸çŸ¥é“ä¸ºä»€ä¹ˆä¸è¡Œäº†ã€‚ONER å‘¨æ–¯éƒ½æ˜¯è‡ªå®¶å‡ºçš„,å¹¿ä¸œ,2024-11-29 03:13
9293713768,æœªçŸ¥ä½œè€…,æ— å¤´åƒ,,åœ°å€ä¿¡æ¯ç¼ºå¤±,æ—¶é—´ä¿¡æ¯ç¼ºå¤±
9293713768,sownmsi,https://gss0.bdstatic.com/6LZ1dD3d1sgCo2Kml5_Y_D3/sys/portrait/item/tb.1.c1182952.CMewfSrZLDGZG2JYUyiyWA?t=1732229352,                    è¿™å‡ ä¸ªäººçœ‹è¿‡obç¡®å®çŒ›,å¹¿ä¸œ,2024-11-29 04:02
9293713768,æµæ˜Ÿ_____,https://gss0.bdstatic.com/6LZ1dD3d1sgCo2Kml5_Y_D3/sys/portrait/item/tb.1.c0a620f5.y2mkcL1U7zu3Qvw2ArDKcg?t=1720423123,                    t1è¿™å‡ å¹´æ¬¡çº§è”èµ›æˆç»©æ‹‰çš„ä¸è¡Œï¼Œè¯´ä»€ä¹ˆå„æ–­é’è®­ç®€ç›´å¤ªæç¬‘äº†,æ±Ÿè‹,2024-11-29 05:41
9293713768,ä½å¤´æ€»æœ‰å½±å­,https://gss0.bdstatic.com/6LZ1dD3d1sgCo2Kml5_Y_D3/sys/portrait/item/tb.1.a0c7b78f.n0XZksU0Yvzsml5NkoKa7Q?t=1532366614,                    pobyå‘¢,æ¹–åŒ—,2024-11-29 05:42
9293713768,ç«¯æ‰‹æ‰¿è™é…±,https://gss0.bdstatic.com/6LZ1dD3d1sgCo2Kml5_Y_D3/sys/portrait/item/tb.1.b385d848.GyXcZqbyff_2IEMdjunDDA?t=1729207205,                    ç§‘ä¹ƒé¢é¦–+1,å¹¿ä¸œ,2024-11-29 06:54
9293713768,é™ªä½ çœ‹é‡‘è‰²çš„é›¨,https://gss0.bdstatic.com/6LZ1dD3d1sgCo2Kml5_Y_D3/sys/portrait/item/tb.1.2de723df.odEXoauvFqxAaCABtYafkQ?t=1688688198,                    æ–°å®™æ–¯ï¼Ÿ,å®‰å¾½,2024-11-29 07:52
9293713768,babyç”¨å“¥,https://gss0.bdstatic.com/6LZ1dD3d1sgCo2Kml5_Y_D3/sys/portrait/item/tb.1.984878d1.7jTM6ieqq7aDUPg70lEiAA,                    å¤šå…°ä¹Ÿåªæœ‰è¿™ä¸€å¹´çš„æœºä¼šï¼Œå¦‚æœæ‰“ä¸å¥½ä¼°è®¡t1å°±ä¼šæé’è®­äº†,å¹¿ä¸œ,2024-11-29 08:01
9293713768,æœªçŸ¥ä½œè€…,æ— å¤´åƒ,,åœ°å€ä¿¡æ¯ç¼ºå¤±,æ—¶é—´ä¿¡æ¯ç¼ºå¤±
9293713768,é»‘è‰²sydj,https://gss0.bdstatic.com/6LZ1dD3d1sgCo2Kml5_Y_D3/sys/portrait/item/tb.1.345b8299.ZC8DIJYuNwNAoEeJmZED8Q?t=1635925142,                    è¯´å®è¯é•¿å¾—æœ‰ç‚¹ruleräº†,æ²³å—,2024-11-29 08:03
9293713768,çˆ±çƒ§çƒ¤çš„ç«é¾™,https://gss0.bdstatic.com/6LZ1dD3d1sgCo2Kml5_Y_D3/sys/portrait/item/tb.1.c6b45dcb.4OZB5RYaUdVBFV0QSOGkPQ?t=1576822253,                    Ldlfmvpæœ‰ä»€ä¹ˆå¥½å¹çš„,å¹¿ä¸œ,2024-11-29 08:07
9293713768,TheShy,https://gss0.bdstatic.com/6LZ1dD3d1sgCo2Kml5_Y_D3/sys/portrait/item/tb.1.85edffaf.VVEha__Cf9aQvHeyzO6uAA?t=1731908106,                    å¤šå…°å±äº†,å¹¿ä¸œ,2024-11-29 08:11
9293713768,äºŒå°ºæ·±çš„é«˜åŸ,https://gss0.bdstatic.com/6LZ1dD3d1sgCo2Kml5_Y_D3/sys/portrait/item/tb.1.37108db3.kN8Bk66M-e9kFlsWNSp7DQ?t=1691204449,                    åªèƒ½è¯´ä¸ºäº†ç»™å¤§é£é€ç¬¬å…­å† è„¸éƒ½ä¸è¦ï¼Œå¼€å§‹ç©é’èƒ½åŠ›äº†ï¼Œå¼€å§‹è¥é”€ä¸‹ä¸€ä¸ªå››ä¸ªæ²™å…µäº†,è¾½å®,2024-11-29 08:13
9297157686,å°å°¹.y,https://gss0.bdstatic.com/6LZ1dD3d1sgCo2Kml5_Y_D3/sys/portrait/item/tb.1.1d5df491.quJpd6Cq7qHZpX9rr2KTcA?t=1732475495,                    å¥½åƒæœ‰æ¡ä¹Ÿå¤Ÿè¯´è¿‡rankåˆ†æ²¡ç”¨ï¼Œï¼ˆæ–­äººå½˜,å±±ä¸œ,2024-11-30 21:11
9297157686,æœªçŸ¥ä½œè€…,æ— å¤´åƒ,,åœ°å€ä¿¡æ¯ç¼ºå¤±,æ—¶é—´ä¿¡æ¯ç¼ºå¤±
9297157686,å†·å··å®‰æ•…äºº,https://gss0.bdstatic.com/6LZ1dD3d1sgCo2Kml5_Y_D3/sys/portrait/item/tb.1.49007ea3.b4Rs5fa-Cl2gqITsPJ1cxw,                    ä¸æ‡‚å°±é—®è¿™ä¸ªäººä»¥å‰åœ¨lplä»€ä¹ˆæˆç»©ï¼æˆ‘å°±çŸ¥é“ä¸€ä¸ªåå‘q,ç¦å»º,2024-11-30 21:12
9297157686,è´´å§ç”¨æˆ·_J7DJN71,https://gss0.bdstatic.com/6LZ1dD3d1sgCo2Kml5_Y_D3/sys/portrait/item/tb.1.f2221efc.VKztSZugqcSJEjc5ytUtZg,                    åˆè¯„ä»·è¿™ä¸ªè¯„ä»·é‚£ä¸ªçš„ æƒ³å½“æ‹‰å¤«äº†ï¼Ÿ,æ¹–åŒ—,2024-11-30 21:13
9297157686,æ··è€…å¦‚é£ğŸ¤¡,https://gss0.bdstatic.com/6LZ1dD3d1sgCo2Kml5_Y_D3/sys/portrait/item/tb.1.b3c82071.offcPt3qiOOCWo6z4kt3yQ?t=1702660291,                    è¿™ç©åƒé¸¡çš„å­¤ å„¿ä¹Ÿèƒ½è¯„è®ºäº†,æ²³å—,2024-11-30 21:14
9297157686,é˜´ä½ é‚£è¾¹æŠ±æŠ±ä½ ,https://gss0.bdstatic.com/6LZ1dD3d1sgCo2Kml5_Y_D3/sys/portrait/item/tb.1.72ab3d7d.NYeouhiSB2P_MKapvzqOcw?t=1622131309,                    ,å±±è¥¿,2024-11-30 21:18
9297157686,è´´å§ç”¨æˆ·_Ja52AMM,https://gss0.bdstatic.com/6LZ1dD3d1sgCo2Kml5_Y_D3/sys/portrait/item/tb.1.c4152f4b.jdbekl6G7i-X9wVCeuiSHA,                    é€ƒå…µä¹Ÿèƒ½å¤§å£°è¯´è¯äº†ï¼Ÿä»–å’Œmissåœ¨lolå±äºæœ€ä½çº§çš„ğŸ¶,ä¸Šæµ·,2024-11-30 21:18
9297157686,cheng78319025,https://gss0.bdstatic.com/6LZ1dD3d1sgCo2Kml5_Y_D3/sys/portrait/item/tb.1.ae76bf30.64e46p2HgS9KNNMsfCx7RQ?t=1725434910,                    ,ç¦å»º,2024-11-30 21:18
9297157686,æœªçŸ¥ä½œè€…,æ— å¤´åƒ,,åœ°å€ä¿¡æ¯ç¼ºå¤±,æ—¶é—´ä¿¡æ¯ç¼ºå¤±
9297157686,ä¸Šä»™ä¸‹å‡¡-,https://gss0.bdstatic.com/6LZ1dD3d1sgCo2Kml5_Y_D3/sys/portrait/item/tb.1.3459880e.NCqDIEuJVYclVURSRfmVvQ?t=1551777208,                    ä¸‹åœºå¤ªæ—©äº†ï¼Œç­‰æ²¡å‡ºæˆç»©å†ä¸‹åœºğŸ§Ÿéƒ½ä¸æ•¢é¡¶å˜´,å¹¿ä¸œ,2024-11-30 21:19
9297157686,çƒ§çƒ¤ç»¯ç‰ä¸¸ğŸ¥µ,https://gss0.bdstatic.com/6LZ1dD3d1sgCo2Kml5_Y_D3/sys/portrait/item/tb.1.943f2dda.jKfEadHdA8Bne8lZ6PSwxA?t=1580723981,                    æŠ–äºŒä¸­æ— æ‰€è°“çš„,é‡åº†,2024-11-30 21:19
9297157686,æ©™è·¯ç‘œé›¯å•µå•µ,https://gss0.bdstatic.com/6LZ1dD3d1sgCo2Kml5_Y_D3/sys/portrait/item/tb.1.7a0b07b4.xpExvfqllFNoWf-iggY6bw?t=1691499752,                    ä¸æ˜¯ä¸€ä¸ªçº§åˆ«çš„åˆ«ç¢°ç“·,é™•è¥¿,2024-11-30 21:19
9297157686,æ³°ç›¸ä¹Ÿå¹²äº†ï¼,https://gss0.bdstatic.com/6LZ1dD3d1sgCo2Kml5_Y_D3/sys/portrait/item/tb.1.a8298c69.8R-H9qWRd1M4U6UdY-xKrg?t=1719870573,                    æœ¬æ¥å°±æ˜¯16å¼º+ä¸ªå›å¾’ï¼Œè°æŠŠä»–çš„è¯å½“å›äº‹å•Š,æ¹–å—,2024-11-30 21:21
9297157686,è´´å§ç”¨æˆ·_GbQXPUt,https://gss0.bdstatic.com/6LZ1dD3d1sgCo2Kml5_Y_D3/sys/portrait/item/tb.1.fb542dda.KPA6YIs3B6vs0LxUOn3UXw?t=1719596721,                    ä¸¤ä¸ªä¸»æ’­ï¼Œæ— äººåœ¨æ„,æ¹–å—,2024-11-30 21:21
9297157686,æ·±ä¸­æ–‡æ¯’,https://gss0.bdstatic.com/6LZ1dD3d1sgCo2Kml5_Y_D3/sys/portrait/item/tb.1.a826a06d.wifk8kmSH0cPjY6I1mQ14w?t=1702734864,                    è¿˜æ˜¯æ¯”è¾ƒå®¢è§‚çš„å­,å†…è’™å¤,2024-11-30 21:22
9297157686,æœªçŸ¥ä½œè€…,æ— å¤´åƒ,,åœ°å€ä¿¡æ¯ç¼ºå¤±,æ—¶é—´ä¿¡æ¯ç¼ºå¤±
9297157686,å™¬é­‚å¤©çŠ,https://gss0.bdstatic.com/6LZ1dD3d1sgCo2Kml5_Y_D3/sys/portrait/item/tb.1.cfe21f87.yokxxElEgsQQabpwBamdvQ?t=1729417862,                    å¤©åˆ€å¥½ç©ä¸,æ±Ÿè‹,2024-11-30 21:23
9297157686,åå¥³äººç›å¥‡ç›çš„å¾¡ä¸»,https://gss0.bdstatic.com/6LZ1dD3d1sgCo2Kml5_Y_D3/sys/portrait/item/tb.1.ced60ce5.BVaJ27YMcrUP8IDcr1egEw?t=1721968190,                    å®‹æ±Ÿä¹Ÿæ˜¯å¥½èµ·æ¥äº†ï¼Œèƒ½è¢«godvè¯„ä»·äº†,å±±ä¸œ,2024-11-30 21:25
9297157686,æ°´æ°µæ°µ,https://gss0.bdstatic.com/6LZ1dD3d1sgCo2Kml5_Y_D3/sys/portrait/item/tb.1.b0c23e6f.qPXABfDMtw4rUs65Y5mXjw?t=1672589556,                    é‡ç‹—åˆ«æ¥ç¢°ç“·å¤§æ–­äº†ï¼Œç‰¹åˆ«æ˜¯å½“é€ƒå…µçš„,å¹¿ä¸œ,2024-11-30 21:27
9297157686,é»‘è‰²é«˜çº§æˆ˜è½¦,https://gss0.bdstatic.com/6LZ1dD3d1sgCo2Kml5_Y_D3/sys/portrait/item/tb.1.b3cbc274.GE4evSjBEVH3aj_Rssetvw?t=1654842111,                    ç›´æ’­æ‰“å¤©åˆ€ï¼Œçš®è‚¤é€‰çšæœˆ?,æ²³å—,2024-11-30 21:30
9297157686,å¤æ±è±†è…ğŸ˜‹,https://gss0.bdstatic.com/6LZ1dD3d1sgCo2Kml5_Y_D3/sys/portrait/item/tb.1.84fcdd50.JZ876BCDqPQz7li4UN-qeg?t=1709859057,                    é©¬è„¸ç¡®å®çˆ±é€ï¼Œä¸è¿‡è¿™äººæ˜¯è°å•Šã€‚è¹­çƒ­åº¦æœ‰ç‚¹æ—©å§ï¼Œigä¼ è¨€çš„é˜µå®¹ä¸æ˜¯è¿˜æ²¡ç¡®å®šå—,æ²³åŒ—,2024-11-30 21:33
9297157686,æ­»èšŠå­gxyy,https://gss0.bdstatic.com/6LZ1dD3d1sgCo2Kml5_Y_D3/sys/portrait/item/tb.1.7d46942.MsCtYysVHT7ziDBXNrwh0Q?t=1676684874,                    é™¤äº†Bç«™è§£è¯´å°å›¢ä½“çš„å­å­ï¼Œå¾ˆéš¾æƒ³è±¡S15å‰å¤•è¿˜æœ‰äººåœ¨æ„åå¹´å‰çš„ä¸€æ¡è·¯è¾¹16å¼ºä¸­å•,äº‘å—,2024-11-30 21:33
9297157686,æœªçŸ¥ä½œè€…,æ— å¤´åƒ,,åœ°å€ä¿¡æ¯ç¼ºå¤±,æ—¶é—´ä¿¡æ¯ç¼ºå¤±
9297157686,96LINEğŸ‘¿,https://gss0.bdstatic.com/6LZ1dD3d1sgCo2Kml5_Y_D3/sys/portrait/item/tb.1.916a984._l6O_wLDlNkCXPhFNEzjqA?t=1731230404,                    åŒ—ç¾è§‚ä¼—æ€•æ˜¯éƒ½ä¸å¿µå¨æ¯”å°”æ£®äº†ï¼Œä¸­å›½æŠ–éŸ³è¿™è¾¹è¿˜ä¸€ç›´æ€€å¿µæ¯”å°”æ£®äº²å„¿å­é€ƒå…µéŸ¦,æ¹–åŒ—,2024-11-30 21:36
9297157686,æ»´æ»´ç­”ç­”å¤§å¤§æ»´,https://gss0.bdstatic.com/6LZ1dD3d1sgCo2Kml5_Y_D3/sys/portrait/item/tb.1.29340416.SVO20eAW18_7h2lQKtc7WQ?t=1731772733,                    åœ¨åƒé¸¡ä¹Ÿæ˜¯æ¡ä¸§å®¶ä¹‹çŠ¬,æ²³å—,2024-11-30 21:40
9297157686,åˆ˜æ€é¸­,https://gss0.bdstatic.com/6LZ1dD3d1sgCo2Kml5_Y_D3/sys/portrait/item/tb.1.94e890e5.xZHSboIUUYkz7h-OIGe2dw?t=1720405635,                    å¾ˆç†æ™º,è¾½å®,2024-11-30 21:41
9297157686,å±±äººå›,https://gss0.bdstatic.com/6LZ1dD3d1sgCo2Kml5_Y_D3/sys/portrait/item/tb.1.86df0c40.U_p60irx69XDcXMWPaZDhg?t=1595769297,                    è·¯è¾¹çš„ä¸€æ¡é‡ç‹—é€ƒå…µï¼Œç¼ºæµé‡äº†å‘—,æ²³å—,2024-11-30 21:42
9297157686,é’å±±ä¸è€,https://gss0.bdstatic.com/6LZ1dD3d1sgCo2Kml5_Y_D3/sys/portrait/item/tb.1.78c6f476.9GrCVxsXD2JhhKdnDy9idg?t=1540267474,                    éƒ½æ˜¯å–œæ¬¢ç¢°ç“·é£çš„åŒå¥½å•Š,å››å·,2024-11-30 21:43
9297157686,æ¶›å£°ä¾æ—§ğŸ°,https://gss0.bdstatic.com/6LZ1dD3d1sgCo2Kml5_Y_D3/sys/portrait/item/tb.1.99e50603.r4WfMJ75UcvYiQD340wgqw?t=1718951347,                    çœ‹äº†çœ¼ç›´æ’­ï¼Œæ°æ–¯1/10/15,æµ™æ±Ÿ,2024-11-30 21:44
9297157686,æœªçŸ¥ä½œè€…,æ— å¤´åƒ,,åœ°å€ä¿¡æ¯ç¼ºå¤±,æ—¶é—´ä¿¡æ¯ç¼ºå¤±
9297157686,è¿Ÿæš®,https://gss0.bdstatic.com/6LZ1dD3d1sgCo2Kml5_Y_D3/sys/portrait/item/tb.1.69d7c9f1.v7JGOVzkhCzVJwXBmX9D6g?t=1628989748,                    ä¸€ä¸ªä¸»æ’­ ä¸€ä¸ªæ‰“æª ä¸¤æ¡è·¯è¾¹è€¶ğŸ¶,æ¹–å—,2024-11-30 21:50
9297157686,Couragfä¸¶Y,https://gss0.bdstatic.com/6LZ1dD3d1sgCo2Kml5_Y_D3/sys/portrait/item/tb.1.3086b627.sQRE9Wq6XiGUqiyBH_xwsA?t=1721325126,                    é©¬å¤´æ“ä½œè¿˜æ˜¯æ²¡é—®é¢˜çš„ï¼Œå°±æ˜¯å–œæ¬¢é€ï¼Œè€æ¯›ç—…æ”¹ä¸äº†,å†…è’™å¤,2024-11-30 21:53
9297157686,é¾™éª‘å£«å°¹å¿—å¹³äºŒå·,https://gss0.bdstatic.com/6LZ1dD3d1sgCo2Kml5_Y_D3/sys/portrait/item/tb.1.4ebaaedb.vb7jVu51bJ9RxICpsa73PQ?t=1713775475,                    å“Ÿï¼Ÿè¿™ä¸æ˜¯å¤©èµ‹åŠæ‰“é£ç§‘çš„å¤©æ‰å™¶çš„ä¼Ÿå˜›ï¼Ÿ,å››å·,2024-11-30 21:55
9297157686,ç‰¢é¼ ,https://gss0.bdstatic.com/6LZ1dD3d1sgCo2Kml5_Y_D3/sys/portrait/item/tb.1.6abd4cba.LCzmvNgYaJAMpotLp_X__A?t=1698975672,                    å¥½å¤šåƒµå°¸ğŸ˜¨ä¸è¿‡godvä¹Ÿæ²¡å®åŠ›é”è¯„å§,æ±Ÿè‹,2024-11-30 21:56
9289995500,è‹è‹è‹å¢¨,https://gss0.bdstatic.com/6LZ1dD3d1sgCo2Kml5_Y_D3/sys/portrait/item/tb.1.83c3f664.K-DnLGDjCQaFnOvTyxrQ7w?t=1627039337,                    å¹²è´¨æ£€è¿™äº›æ²¡æœ‰æŠ€æœ¯å«é‡çš„æ´»ï¼Œè¢«è£å‘˜ååˆ°äº†30å¤šå²åå¯èƒ½ä¹Ÿæ‰¾ä¸åˆ°å·¥ä½œäº†å§ï¼Ÿç¯å¢ƒè¿™ä¹ˆçƒ‚çœŸçš„å¾ˆæƒ³æ‘†çƒ‚ï¼Œä½†æ˜¯åˆæ€•è‡ªå·±è¿è‡ªå·±éƒ½å…»ä¸èµ·ã€‚,é‡åº†,2024-11-27 01:53
9289995500,æœªçŸ¥ä½œè€…,æ— å¤´åƒ,,åœ°å€ä¿¡æ¯ç¼ºå¤±,æ—¶é—´ä¿¡æ¯ç¼ºå¤±
9289995500,å·åˆšåˆšè¢«ç›—äº†,https://gss0.bdstatic.com/6LZ1dD3d1sgCo2Kml5_Y_D3/sys/portrait/item/tb.1.4e926ba0.8NXMfp0v4x5Bma6BTnQBBg?t=1535681387,                    æˆ‘é¢†å¯¼30å¤šå²è¢«è¾é€€äº†ï¼Œn+1è¡¥å¿å…¬å¸ä¹Ÿä¸ç»™ï¼Œç°åœ¨å¤§ç¯å¢ƒå¾ˆå·®ï¼Œè‹Ÿç€æ´»,å®‰å¾½,2024-11-27 01:54
9289995500,ç‹¡çŒ¾å†·é›¨å¤œ,https://gss0.bdstatic.com/6LZ1dD3d1sgCo2Kml5_Y_D3/sys/portrait/item/tb.1.a3637d60.M8xqR3fsQrHUNKZwLihU5Q?t=1589619024,                    é€‰æ‹©å¤§äºåŠªåŠ›ï¼Œè¿™ç§ç¯å¢ƒæ™®é€šäººé€‰å®Œä¸“ä¸šåŸºæœ¬å°±å®šæ€§äº†,å¹¿ä¸œ,2024-11-27 02:11
9289995500,RWä¸¶é­å»¶,https://gss0.bdstatic.com/6LZ1dD3d1sgCo2Kml5_Y_D3/sys/portrait/item/tb.1.c2afa373.QRDGIrwp3QEvSeREXGGGZQ?t=1553384238,                    ä¸€å¹´8ä½æ•°çš„éŸ­èœï¼Œè¿˜æœ‰ä»¥å‰çš„ä¸€å¤§å †è€éŸ­èœï¼Œåªèƒ½è¯´æœ‰ç¦äº†,ç¦å»º,2024-11-27 02:27
9289995500,æ—å£ä¸–å¤•,https://gss0.bdstatic.com/6LZ1dD3d1sgCo2Kml5_Y_D3/sys/portrait/item/tb.1.72500c71.D9Th8bW8jfmYXMZAA_wheg?t=1675706853,                    æ²¡åŠæ³•ï¼Œå°±éƒ½æ˜¯æ··å£é¥­åƒã€‚æ…¢æ…¢æ¥å°±å¥½äº†,åŒ—äº¬,2024-11-27 02:37
9289995500,çˆ±å–&è„‰åŠ¨,https://gss0.bdstatic.com/6LZ1dD3d1sgCo2Kml5_Y_D3/sys/portrait/item/tb.1.d8c89458.j9U9KCfeZSgMnkDGNldWsg,                    ä¸æ˜¯å®åœ¨æ´»ä¸ä¸‹å»ï¼Œä½ å°±å»å…¬å®‰å±€è¦é¥­ï¼Œæ€»æœ‰ä¸€å£åƒçš„,äº‘å—,2024-11-27 02:39
9289995500,å“ˆå–‡è¹¦å§,https://gss0.bdstatic.com/6LZ1dD3d1sgCo2Kml5_Y_D3/sys/portrait/item/tb.1.f7a0d562.jLvFJq0jgxXrb2-GUboCWg?t=1732309307,                    æ‰€æœ‰è¡Œä¸šæ™®é€šäººéƒ½éš¾å•Š,ç¦å»º,2024-11-27 02:51
9289995500,æœªçŸ¥ä½œè€…,æ— å¤´åƒ,,åœ°å€ä¿¡æ¯ç¼ºå¤±,æ—¶é—´ä¿¡æ¯ç¼ºå¤±
9289995500,bigbangçš„,https://gss0.bdstatic.com/6LZ1dD3d1sgCo2Kml5_Y_D3/sys/portrait/item/tb.1.ed7624a3.M8dDTsCYDl6UeNk8sntdkA,                    å°±æ˜¯å¾ˆå·®ï¼Œ24ç§‹æ‹›å°±ä¸šç‡å¤šå°‘é—®é—®åœ¨åº§çš„å¤§ä¼™å°±çŸ¥é“äº†,å±±ä¸œ,2024-11-27 02:52
9289995500,æ­¤ç”Ÿä¸æ¢,https://gss0.bdstatic.com/6LZ1dD3d1sgCo2Kml5_Y_D3/sys/portrait/item/tb.1.d06affa1.tsgAmBkzUv65d_dQ3pXGrg?t=1597157313,                    è¿˜æ˜¯é‚£å¥è¯ï¼Œè¶å¹´è½»è¦å­¦é—¨æŠ€æœ¯ï¼Œä¸è¦æ€»æ˜¯å¹²ä¸€äº›å¯ä»¥è¢«è½»æ˜“æ›¿ä»£çš„æµæ°´çº¿å·¥ä½œï¼Œå­¦ä¹ æ˜¯ç»ˆèº«çš„ï¼Œåœ¨å­¦æ ¡å­¦çš„å°±æ˜¯çš®æ¯›ï¼Œç¤¾ä¼šä¸Šæ•™çš„æ‰æ˜¯æœ‰ç”¨çš„ï¼Œä½ æ‘†åˆ°æœ€ååªèƒ½æ˜¯è¿‡ä¸€å¤©æ˜¯ä¸€å¤©æœ€åæ‰“ç‚¹é›¶å·¥å¹²ä½“åŠ›æ´»,ä¸Šæµ·,2024-11-27 02:58
9289995500,MIPHA,https://gss0.bdstatic.com/6LZ1dD3d1sgCo2Kml5_Y_D3/sys/portrait/item/tb.1.71060a58.XhhmQVdEpxh5sg1bSIMjeQ?t=1723564735,                    éƒ½å‹åŠ›å¤§,åŒ—äº¬,2024-11-27 02:58
9289995500,Juda,https://gss0.bdstatic.com/6LZ1dD3d1sgCo2Kml5_Y_D3/sys/portrait/item/tb.1.830139f4.4c6Mt4khGTi-rr_0ZLlGng?t=1724287904,                    å¤§çš„è¦æ¥äº†ï¼Œå¿«å˜å¤©,ä¸­å›½é¦™æ¸¯,2024-11-27 03:01
9289995500,è´´å§ç”¨æˆ·_GGMQAEW,https://gss0.bdstatic.com/6LZ1dD3d1sgCo2Kml5_Y_D3/sys/portrait/item/tb.1.e9919e3a._MbbHGnb2aOL3ykLbx1BIQ?t=1630877638,                    è¿‡ä¸€å¤©ç®—ä¸€å¤©ä»ä¸è€ƒè™‘è¿™äº›,å¹¿ä¸œ,2024-11-27 03:28
9289995500,æ—å¹¼èœœ,https://gss0.bdstatic.com/6LZ1dD3d1sgCo2Kml5_Y_D3/sys/portrait/item/tb.1.12a3fd02.dDlfPZWSKxfEunoigLYcRw?t=1646181731,                    é‡åº†å¸ƒå¶å‡ ç™¾å—ï¼Œæˆ‘ä»¬è¿™äº›åšå® ç‰©ç¹è‚²çš„æ‰æ˜¯çœŸæ´»ä¸ä¸‹å»äº†,é‡åº†,2024-11-27 03:29
9289995500,æœªçŸ¥ä½œè€…,æ— å¤´åƒ,,åœ°å€ä¿¡æ¯ç¼ºå¤±,æ—¶é—´ä¿¡æ¯ç¼ºå¤±
9289995500,ä¸è¦æ¬ºè´Ÿæˆ‘2333,https://gss0.bdstatic.com/6LZ1dD3d1sgCo2Kml5_Y_D3/sys/portrait/item/tb.1.35a454a9.IyTyN1p795zmSB4NyQ0tCw?t=1732373580,                    å›å®¶èººå¹³,å¹¿ä¸œ,2024-11-27 03:50
9289995500,æ— æ•Œé—ªç”µå°å­,https://gss0.bdstatic.com/6LZ1dD3d1sgCo2Kml5_Y_D3/sys/portrait/item/tb.1.516d24e9.44mPX0Ef_ncOtaHzDyvQqQ?t=1732169409,                    ä¸­ç¾ç»æµæˆ˜ï¼Œåªè¦æŠŠç¾å›½å¹²è¶´ä¸‹æ‰æœ‰å¸Œæœ›ï¼Œç°åœ¨æ‡‚ç‹ä¸Šå°ååˆ¶è£ä¼šæ›´å¤š,é‡åº†,2024-11-27 04:20
9289995500,çƒ§çƒ¤ç»¯ç‰ä¸¸ğŸ¥µ,https://gss0.bdstatic.com/6LZ1dD3d1sgCo2Kml5_Y_D3/sys/portrait/item/tb.1.943f2dda.jKfEadHdA8Bne8lZ6PSwxA?t=1580723981,                    æŠ•äº†400ä¸ªï¼Œæœ€åæ¥äº†ä¸ª3500è¿˜æœ‰996çš„Pythoné—®æˆ‘å¹²ä¸å¹²,é‡åº†,2024-11-27 05:44
9289995500,æˆ‘æœäº†ğŸ¤¨,https://gss0.bdstatic.com/6LZ1dD3d1sgCo2Kml5_Y_D3/sys/portrait/item/tb.1.7582aea.OhPKdSjl3zh4aqdQU-v3vw?t=1697218497,                    å¯ä»¥å»é€å¤–å–,é‡åº†,2024-11-27 05:51
9289995500,å›½çŒªçˆ±æµ·å‚,https://gss0.bdstatic.com/6LZ1dD3d1sgCo2Kml5_Y_D3/sys/portrait/item/tb.1.e8f74472.-qde7VVtiGyitqp2p5llhA?t=1731598843,                    æˆ‘äº‹ä¸šå•ä½çš„éƒ½æ²¡é’±å‘å·¥èµ„äº†ï¼Œå¸‚é‡Œè´¢æ”¿æ²¡é’±äº†ï¼Œä¹‹å‰è¿˜æ‰¾éš”å£å¿å€Ÿé’±æ’‘äº†å‡ ä¸ªæœˆï¼Œç°åœ¨å·²ç»å¼¹å°½ç²®ç»äº†,å¹¿ä¸œ,2024-11-27 06:58
9289995500,æƒ³ä¸ªåå­—å¥½éš¾l,https://gss0.bdstatic.com/6LZ1dD3d1sgCo2Kml5_Y_D3/sys/portrait/item/tb.1.51ae5537.CBE9LcvQJA5FHRfwuxQrlQ,                    æ²¡æœ‰å§ï¼Œæˆ‘çœ‹éƒ­å˜‰è¶Šæ¥è¶Šå¥½,è´µå·,2024-11-27 07:01
9289995500,æœªçŸ¥ä½œè€…,æ— å¤´åƒ,,åœ°å€ä¿¡æ¯ç¼ºå¤±,æ—¶é—´ä¿¡æ¯ç¼ºå¤±
9289995500,å£°å¾®â˜¯é¥­å¦,https://gss0.bdstatic.com/6LZ1dD3d1sgCo2Kml5_Y_D3/sys/portrait/item/tb.1.775d3ac.JsQTVVdabJEPDCmJkctXeA,                    ç°åœ¨è¿™ç¤¾ä¼šæƒ³è¿‡çš„å¥½å¾ˆéš¾ï¼Œæƒ³æ´»ç€è¿˜å®¹æ˜“ã€‚ä½ å®Œå…¨å¯ä»¥å»è€ƒä¸ªä¿å®‰è¯èˆ’æœèººå¹³ï¼Œç„¶åæä¸ªå‰¯ä¸šæ··ä¸ªç”Ÿæ´»è´¹,æ±Ÿè‹,2024-11-27 07:28
9289995500,æ·±é‚ƒé»¯é»‘å¹»æƒ³,https://gss0.bdstatic.com/6LZ1dD3d1sgCo2Kml5_Y_D3/sys/portrait/item/tb.1.51026c87.x0ZXiKUK5COoo6xnemYa9Q?t=1646631091,                    æ‹œæ‹œå¤šå…°ï¼Œç¥ˆç¥·å…°ç¥çš„äº‹ä¸šè¿åˆ°ä½ èº«ä¸Š,æµ™æ±Ÿ,2024-11-27 07:34
9289995500,a6pa,https://gss0.bdstatic.com/6LZ1dD3d1sgCo2Kml5_Y_D3/sys/portrait/item/tb.1.699f568f.W4D4faWkcYuD5_j1iARHRQ?t=1726539159,                    å¼€æ‘†ï¼Œè¿è´¥åƒç»æµæ²¡äº‹çš„,å¹¿ä¸œ,2024-11-27 07:43
9289995500,æ··è¿›å¤§å¸ˆçš„é’é“œ,https://gss0.bdstatic.com/6LZ1dD3d1sgCo2Kml5_Y_D3/sys/portrait/item/tb.1.5edaab6d.bXl2Os8Y9y_dawu1CEqm_w,                    åˆ«å°¬é»‘ï¼Œæ˜æ˜æ˜¯ç¨³ä¸­å‘å¥½,è¾½å®,2024-11-27 07:45
9289995500,AlienVoid,https://gss0.bdstatic.com/6LZ1dD3d1sgCo2Kml5_Y_D3/sys/portrait/item/tb.1.8ce78618.Vp1A7sVihxJWAOzveScgtQ?t=1393752743,                    å¼€æ‘†å°±å®Œäº‹äº†ï¼Œæˆ‘æœ‰æœ‹å‹è¯»äº†ç¡•å£«è¿˜æƒ³è¯»äºŒç¡•çš„,ç‘å…¸,2024-11-27 07:48
9289995500,å·´å·´ä¸–ç•Œ_,https://gss0.bdstatic.com/6LZ1dD3d1sgCo2Kml5_Y_D3/sys/portrait/item/tb.1.92b75526.Mx0B0DBPsz5xTOCpcZXc7Q,                    é—®é¢˜ä¸å¤§ï¼Œs3è¦æ¥äº†ç­‰ç€é‡æ–°æ´—ç‰Œå§,å¹¿ä¸œ,2024-11-27 08:03
9289995500,æœªçŸ¥ä½œè€…,æ— å¤´åƒ,,åœ°å€ä¿¡æ¯ç¼ºå¤±,æ—¶é—´ä¿¡æ¯ç¼ºå¤±
9289995500,Kka1l,https://gss0.bdstatic.com/6LZ1dD3d1sgCo2Kml5_Y_D3/sys/portrait/item/tb.1.4fb6ca9f.MdGlSaWJ2yrMuEN5GATlEQ?t=1730858027,                    ç°åœ¨ç¯å¢ƒå¤ªå·®å’¯ï¼Œæˆ‘é¡¹ç›®è¿™ä¸ªæœˆåº•å·²ç»æ•£äº†ï¼Œè¿˜ä¸çŸ¥é“æœ‰æ²¡æœ‰èµ”å¿ï¼Œæˆ‘æœ‹å‹è¿™ä¸ªæœˆå…¬å¸é€¼ä»–ä»¬é™è–ªè¦ä¹ˆç¦»èŒ,æ±Ÿè‹,2024-11-27 08:06
9289995500,è€¶ç¨£ä¼šå£«å—æ€€ä»,https://gss0.bdstatic.com/6LZ1dD3d1sgCo2Kml5_Y_D3/sys/portrait/item/tb.1.b1e59845.-5yCmNiJgJxiD2BmTJPfOw?t=1674124350,                    ç¨³ä¸­å‘å¥½ï¼Œä½ å”±åè°ƒï¼Ÿ,æ²³åŒ—,2024-11-27 08:10
9289995500,Eser_,https://gss0.bdstatic.com/6LZ1dD3d1sgCo2Kml5_Y_D3/sys/portrait/item/tb.1.a38a2642.c4FwQm7Ze0mVNtgBJJp2-w?t=1484076157,                    æˆ‘è¯´äº†ä½ å¯èƒ½ä¸ä¿¡ï¼Œä¿¡äº†ä½ ä¹Ÿæœ‰å¯èƒ½ä¸ä¼šå»åšï¼Œé‚£å°±æ˜¯ä¸Šé¢é‚£ä¸ªå“¥ä»¬è¯´çš„ï¼Œä¸‹ç­é€å¤–å–ï¼Œå¹³æ—¶ä¸‹ç­è·‘4ä¸ªå°æ—¶60-100ï¼Œå‘¨æœ«æ”¾å‡èŠ‚æ—¥å•¥çš„éšä¾¿è·‘ä¸ª200ï¼Œä¸‹é›¨é‚£å°±æ˜¯çº¯æ¡é’±äº†ï¼Œä¸ä¿¡å¯ä»¥éšä¾¿æ‰¾ä½ ä»¬é‚£è¾¹çš„å¤–å–å°å“¥é—®ä¸€ä¸‹ï¼Œä½†æ˜¯æ‰“ä¸¤ä»½å·¥è¿˜æ˜¯è·‘å¤–å–å¯¹ä½ çš„å¿ƒé‡Œæ‰¿å—èƒ½åŠ›å’ŒæŠ—å‹èƒ½åŠ›æœ‰ç€å¾ˆå¤§çš„è€ƒéªŒï¼Œåšäº†å¤–å–å‘˜ä½ ä¼šè§è¯†åˆ°äººç±»è¿™ä¸ªç‰©ç§çš„å¤šæ ·æ€§ï¼Œè¿˜æ˜¯é‚£å¥è¯ï¼Œç°åœ¨è¿™ä¸ªå¤§ç¯å¢ƒï¼Œä¸‰æ— äººå‘˜ä¸å·å°±åªèƒ½èººå¹³ã€‚,å››å·,2024-11-27 08:36
9289995500,aå°æ¸¸d,https://gss0.bdstatic.com/6LZ1dD3d1sgCo2Kml5_Y_D3/sys/portrait/item/tb.1.52b19dc.gOdfY0CdIre8yRX0xmwGYA?t=1456114160,                    é‡åº†ï¼Ÿé‚£åªèƒ½å‡ºé—¨æ‰¾äº†,æµ™æ±Ÿ,2024-11-27 08:41
9297010901,ASHE,https://gss0.bdstatic.com/6LZ1dD3d1sgCo2Kml5_Y_D3/sys/portrait/item/tb.1.678d5ec3.dM1NZqVjaZXApTcgHSJO-g?t=1687483049,                    1.ä¸Šå•ä¸­å•å¢ä»™æ€ä¹ˆæ ·ï¼Ÿæˆ‘æœ‰ç‹‚é£ä½ å°±æ˜¯æ‘¸ä¸åˆ°ï¼Œå‰ä¸­æœŸä¼¤å®³è¿˜è´¼é«˜ç»“å±€ï¼šç‹‚é£CDè¿ç»­æŒ¨åˆ€ï¼Œå¢ä»™ä¹Ÿè¢«é‡åšç»‘å®šåœ¨ä¸‹è·¯,ç¦å»º,2024-11-30 19:23
9297010901,æœªçŸ¥ä½œè€…,æ— å¤´åƒ,,åœ°å€ä¿¡æ¯ç¼ºå¤±,æ—¶é—´ä¿¡æ¯ç¼ºå¤±
9297010901,ASHE,https://gss0.bdstatic.com/6LZ1dD3d1sgCo2Kml5_Y_D3/sys/portrait/item/tb.1.678d5ec3.dM1NZqVjaZXApTcgHSJO-g?t=1687483049,                    2.ä¸Šå•ä½›çˆ·éå¸¸èµ–çš®çš„æ‰“æ³•ï¼Œqå¯¹å…µçº¿150%å¸è¡€ï¼Œèµ–çº¿èƒ½åŠ›ææ€–åˆ°æ ¹æœ¬æ‰“ä¸æ­»ç»“å±€ï¼šqå¯¹å…µçº¿å¸è¡€è¢«ç åˆ°10%ï¼Œå¼ºåˆ¶èµ¶å›é‡åŒº,ç¦å»º,2024-11-30 19:24
9297010901,ASHE,https://gss0.bdstatic.com/6LZ1dD3d1sgCo2Kml5_Y_D3/sys/portrait/item/tb.1.678d5ec3.dM1NZqVjaZXApTcgHSJO-g?t=1687483049,                    3.å’³è¡€ç”·åˆ€/è“å‡¯æ—©æœŸadåˆºå®¢æ”¯é…å³¡è°·ç°çŠ¶ï¼Œåˆºå®¢çš„ç§’äººä¼¤å®³å’Œæˆ˜å£«çš„èº«æ¿ç»“å±€ï¼šå’³è¡€é‡åšï¼Œæ”¹ä¸ºåŸºç¡€æ”»å‡»åŠ›åŠ æˆï¼Œå¹¶ç§»é™¤æ®‹è¡€çš„é¢å¤–æ”»å‡»åŠ›,ç¦å»º,2024-11-30 19:25
9297010901,ASHE,https://gss0.bdstatic.com/6LZ1dD3d1sgCo2Kml5_Y_D3/sys/portrait/item/tb.1.678d5ec3.dM1NZqVjaZXApTcgHSJO-g?t=1687483049,                    4.å¢ç™»apå¡èå¦‚æœæ‰€æœ‰å°„æ‰‹çš„ç¥è¯è£…å¤‡éƒ½ä¸é€‚åˆï¼Œé‚£å°±ç›´æ¥å‡ºapä¸»wä¸¢ä¸¢ä¸¢ä¸¢ä¸¢ç»“å±€ï¼šwçš„apåŠ æˆå¤§ç (70â†’45)ï¼Œè¿™ä¸ªç©æ³•åªæ´»åœ¨å¤§ä¹±æ–—ä¸­,ç¦å»º,2024-11-30 19:26
9297010901,ASHE,https://gss0.bdstatic.com/6LZ1dD3d1sgCo2Kml5_Y_D3/sys/portrait/item/tb.1.678d5ec3.dM1NZqVjaZXApTcgHSJO-g?t=1687483049,                    5.ä¸€åˆ€æµå‰‘åœ£å…ˆå‡ºå¹•åˆƒåè½¬æš´å‡»ï¼Œä¸»æ‰“ä¸€ä¸ªä¼—ç”Ÿå¹³ç­‰ï¼Œç®¡ä½ æ˜¯è°ï¼Œä¸›åˆƒä¸‰åˆ€éƒ½ç»™ä½ ç§’äº†ç»“å±€ï¼šæ”»å‡»åŠ›å’Œæš´å‡»æ”¶ç›ŠæŒ¨åˆ€ï¼Œè¢«ç»‘å®šç‰¹æ•ˆæµç©æ³•,ç¦å»º,2024-11-30 19:28
9297010901,ASHE,https://gss0.bdstatic.com/6LZ1dD3d1sgCo2Kml5_Y_D3/sys/portrait/item/tb.1.678d5ec3.dM1NZqVjaZXApTcgHSJO-g?t=1687483049,                    6.æš—çˆªçº¢å‡¯è¿™ä½çœ¼é‡Œæ²¡æœ‰ä»»ä½•è‚‰ï¼Œå°±æ˜¯ä¸€ä¸ªä¼—ç”Ÿå¹³ç­‰ï¼Œç®¡ä½ å¤šå°‘è¡€ï¼Œè§é¢ä¸€å¥—å°±å¾—èººç»“å±€ï¼šqç™¾åˆ†æ¯”çš„adåŠ æˆå¤§ç ï¼Œå›å½’æˆ˜å£«ç©æ³•,ç¦å»º,2024-11-30 19:29
9297010901,ASHE,https://gss0.bdstatic.com/6LZ1dD3d1sgCo2Kml5_Y_D3/sys/portrait/item/tb.1.678d5ec3.dM1NZqVjaZXApTcgHSJO-g?t=1687483049,                    7.é‡åŒºè§ç‚sjsç”¨è„šå¡«æ•°å€¼é€ å‡ºæ¥çš„æ€ªç‰©ï¼Œä¸€ä»¶çˆªåˆ€åè½¬æš´å‡»ï¼Œæ— è®ºè„†çš®è¿˜æ˜¯è‚‰ï¼Œé¡¶ç€äº”å…­çº§ç­‰çº§å·®èƒ½ç§’ç»“å±€ï¼šqç™¾åˆ†æ¯”adæ”¶ç›Šå¤§ç ï¼Œæš—çˆªç§»é™¤ï¼Œæ­¤ç©æ³•åŸºæœ¬æŠ¥åºŸ,ç¦å»º,2024-11-30 19:31
9297010901,æœªçŸ¥ä½œè€…,æ— å¤´åƒ,,åœ°å€ä¿¡æ¯ç¼ºå¤±,æ—¶é—´ä¿¡æ¯ç¼ºå¤±
9297010901,ASHE,https://gss0.bdstatic.com/6LZ1dD3d1sgCo2Kml5_Y_D3/sys/portrait/item/tb.1.678d5ec3.dM1NZqVjaZXApTcgHSJO-g?t=1687483049,                    8.åŒå°„æ‰‹(æ¯”èµ›ç©æ³•ï¼Œlplå´©æºƒçš„ä¸‡æ¶ä¹‹æº)ä»åˆƒä¸‰åˆ€ï¼Œç»™ä½ ç‚¹åˆ°ç¥–å®—éƒ½ä¸è®¤è¯†ï¼Œæ’çœ¼åˆ€å‡ºæ¥ï¼Œåœ°å›¾å°±æ˜¯å…¨é»‘ç»“å±€ï¼šä»æ’çœ¼åˆ€åˆ°ä¸›åˆƒï¼Œè¿œç¨‹æ”¶ç›Šç ä¸€è½®è¿‡å»,ç¦å»º,2024-11-30 19:32
9297010901,ASHE,https://gss0.bdstatic.com/6LZ1dD3d1sgCo2Kml5_Y_D3/sys/portrait/item/tb.1.678d5ec3.dM1NZqVjaZXApTcgHSJO-g?t=1687483049,                    9.æ˜Ÿèš€è´ªæ¬²è¡€é­”åŠ«è®ºä¸€ä¸ªadåˆºå®¢æ˜¯å¦‚ä½•æˆä¸ºåæœŸè‹±é›„çš„ï¼Œä¹°ä¸€å †ç»­èˆªè£…ï¼Œä¸»æ‰“ä¸€ä¸ªæ‰“ä¸æ­»ä¸€ç›´æ¶ˆè€—ï¼Œæ´»ç”Ÿç”Ÿè¢«é€¼æˆadæ³•å¸ˆç»“å±€ï¼šç¥è¯è£…å¤§æ”¹ï¼Œå¸è¡€æ•ˆæœè¢«å¤§é‡ç§»é™¤æˆ–å‰Šå¼±,ç¦å»º,2024-11-30 19:34
9297010901,ASHE,https://gss0.bdstatic.com/6LZ1dD3d1sgCo2Kml5_Y_D3/sys/portrait/item/tb.1.678d5ec3.dM1NZqVjaZXApTcgHSJO-g?t=1687483049,                    10.è¿‡é‡æ²»ç–—adè¿‡é‡æ²»ç–—åŠ é¥®è¡€å‰‘ï¼Œä¸»æ‰“ä¸€ä¸ªå¸è¡€é«˜çš„ä¸€æ‰¹çš„åŒæ—¶ï¼Œç›¾æ¯”å‘½è¿˜åšç»“å±€ï¼šè¿‡é‡æ²»ç–—å’Œé¥®è¡€å‰‘ä¸€èµ·é‡åšï¼Œè¢«åŠ¨æ•ˆæœå¤§æ”¹ï¼Œç›¾æ²¡äº†,ç¦å»º,2024-11-30 19:36
9297010901,ASHE,https://gss0.bdstatic.com/6LZ1dD3d1sgCo2Kml5_Y_D3/sys/portrait/item/tb.1.678d5ec3.dM1NZqVjaZXApTcgHSJO-g?t=1687483049,                    11.ç”µåˆ€æ³•å¸ˆ(ä»¥åŠapéŸ¦é²æ–¯)ç”µåˆ€çš„é«˜apåŠ æˆï¼Œä¸­è·¯æ³•å¸ˆäººæ‰‹ä¸€ä¸ªç”¨æ¥æ¸…çº¿ï¼Œè°ä¸å‡ºå°±æ°¸è¿œæ²¡çº¿æƒï¼Œå…³é”®å‡ºäº†ä¹‹åï¼Œåç»­è¿˜å¯ä»¥æ­£å¸¸è½¬apç»“å±€ï¼šç”µåˆ€apåŠ æˆç§»é™¤ï¼Œå¯¹å°å…µä¼¤å®³ä¹ŸæŒ¨åˆ€ï¼ŒéŸ¦é²æ–¯wç™¾åˆ†æ¯”å¯¹åŠç ,ç¦å»º,2024-11-30 19:38
9297010901,ASHE,https://gss0.bdstatic.com/6LZ1dD3d1sgCo2Kml5_Y_D3/sys/portrait/item/tb.1.678d5ec3.dM1NZqVjaZXApTcgHSJO-g?t=1687483049,                    12.å¹•åˆƒäººé©¬ä¸€èº«åˆºå®¢è£…ï¼Œé«˜ä¼¤å®³ç§’å®Œäººä¸å¯é€‰å–è¿˜èƒ½è·‘ï¼Œå› ä¸ºæŒ‰qé¢‘ç‡æé«˜ï¼Œåƒå‘ç”µæŠ¥ï¼Œè¢«å«åšç”µæŠ¥æµäººé©¬ç»“å±€ï¼šå…¨èº«æŠ€èƒ½ç»„ç ä¸ªéï¼Œé­”åˆ‡ç”šè‡³è¿å¸¦æŒ¨åˆ€ï¼Œå¹•åˆƒåˆ é™¤åŠ ä¸Šé»‘åˆ‡å†°åˆ€ä¸èƒ½åŒæ—¶å‡ºï¼Œè‡³ä»Šè¿˜æ˜¯å…¥åœŸçŠ¶æ€,ç¦å»º,2024-11-30 19:40
9297010901,ASHE,https://gss0.bdstatic.com/6LZ1dD3d1sgCo2Kml5_Y_D3/sys/portrait/item/tb.1.678d5ec3.dM1NZqVjaZXApTcgHSJO-g?t=1687483049,                    ç›®å‰å°±æƒ³åˆ°è¿™äº›äº†ï¼Œæ¬¢è¿è¡¥å……,ç¦å»º,2024-11-30 19:40
9297010901,æœªçŸ¥ä½œè€…,æ— å¤´åƒ,,åœ°å€ä¿¡æ¯ç¼ºå¤±,æ—¶é—´ä¿¡æ¯ç¼ºå¤±
9297010901,ASHE,https://gss0.bdstatic.com/6LZ1dD3d1sgCo2Kml5_Y_D3/sys/portrait/item/tb.1.678d5ec3.dM1NZqVjaZXApTcgHSJO-g?t=1687483049,                    é™„ï¼šç¥è¯ç§»é™¤çš„ä¸»è¦å—å®³è€…ç¥åˆ†ç»„ï¼šå‰‘å§¬ï¼Œå¡å¯†å°”ï¼Œæ­¦å™¨ï¼ŒçŒ´å­ï¼Œç‹¼äººå’³è¡€ç»„ï¼šé³„é±¼ï¼Œå‰‘é­”ï¼Œç›²åƒ§ï¼Œèµµä¿¡æ°¸éœœç»„ï¼šå¡æ‹‰æ–¯ï¼Œå†°å¥³ï¼Œç‹ç‹¸å¹•åˆƒç»„ï¼šäººé©¬ï¼Œè³è‚ï¼Œå°ä¸‘ï¼Œç‹®å­ç‹—ç‹‚é£ç»„ï¼šå¢ä»™ï¼Œéœï¼Œçƒ¬ï¼Œå¥³è­¦ï¼Œæœˆç”·,ç¦å»º,2024-11-30 19:44
9297010901,Retreatbg,https://gss0.bdstatic.com/6LZ1dD3d1sgCo2Kml5_Y_D3/sys/portrait/item/tb.1.524e438d.RWvvoKCCCWNtsv8tv139Kw?t=1732921355,                    æ¥¼ä¸»å¦‚ä½•è¯„ä»·ç¥è¯åˆšå‡ºæ¥çš„æ°¸éœœå‡¤å‡°,æ²³å—,2024-11-30 19:56
9297010901,Retreatbg,https://gss0.bdstatic.com/6LZ1dD3d1sgCo2Kml5_Y_D3/sys/portrait/item/tb.1.524e438d.RWvvoKCCCWNtsv8tv139Kw?t=1732921355,                    æ¥¼ä¸»å¦‚ä½•è¯„ä»·åˆšå‡ºæ¥å¸¦ä½ç§»çš„æŒºè¿›ç ´åè€…,æ²³å—,2024-11-30 19:57
9297010901,Retreatbg,https://gss0.bdstatic.com/6LZ1dD3d1sgCo2Kml5_Y_D3/sys/portrait/item/tb.1.524e438d.RWvvoKCCCWNtsv8tv139Kw?t=1732921355,                    æ¥¼ä¸»å¦‚ä½•è¯„ä»·ç‹‚é£æ— åæˆå‘½å¸ˆæ‘‡æ¥å¤§æ‹›,æ²³å—,2024-11-30 19:57
9297010901,æš®çƒŸç–é›¨ä¹‹é™…,https://gss0.bdstatic.com/6LZ1dD3d1sgCo2Kml5_Y_D3/sys/portrait/item/tb.1.78707e6d.f1IIuvgTG1LCYdHgli4gMg?t=1535636652,                    æš—çˆªèˆ¹é•¿ï¼Œéƒ½ä¸éœ€è¦æ¡¶å­ï¼Œé—ªç°çˆªåˆ€AQï¼ŒåŸºæœ¬adå°±æ­»äº†,ä¸Šæµ·,2024-11-30 20:01
9297010901,ASHE,https://gss0.bdstatic.com/6LZ1dD3d1sgCo2Kml5_Y_D3/sys/portrait/item/tb.1.678d5ec3.dM1NZqVjaZXApTcgHSJO-g?t=1687483049,                    13.æŒºè¿›è¯ºæ‰‹ç»™ç¬¨bæˆ˜å£«åŠ ä¸€æ®µä½ç§»çš„åæœï¼Œå¤§å®¶ä¹Ÿéƒ½çŸ¥é“ï¼Œç›´æ¥å¼ºè¡Œå†²è„¸ï¼Œç¡¬è¶Šå‰æ’ç§’adç»“å±€ï¼šæŒºè¿›ä½ç§»æ²¡äº†ï¼Œå˜æˆäº†åŸåœ°ç ´åè€…,ç¦å»º,2024-11-30 20:38
9297010901,æœªçŸ¥ä½œè€…,æ— å¤´åƒ,,åœ°å€ä¿¡æ¯ç¼ºå¤±,æ—¶é—´ä¿¡æ¯ç¼ºå¤±
9297010901,ASHE,https://gss0.bdstatic.com/6LZ1dD3d1sgCo2Kml5_Y_D3/sys/portrait/item/tb.1.678d5ec3.dM1NZqVjaZXApTcgHSJO-g?t=1687483049,                    14.ä¸Šå•ç›¾å¼“ç”·æªæˆ‘******çš„ï¼Œs11rngå°±æ˜¯è¢«è¿™ä¸ªå‘æ²¡çš„ï¼Œ**sjsä¸ä¼šæ”¹å°±ä¸è¦æ”¹åˆ·çš„åˆå¿«çš„åŒæ—¶ï¼Œå¸è¡€è´¼é«˜ï¼Œè¿˜æ­»ä¸æ‰ï¼Œç¡¬ç”Ÿç”Ÿé€ ä¸ªæ€ªç‰©å‡ºæ¥ç»“å±€ï¼šä¸€é€šå‰Šå¼±ï¼ŒåŠ ä¸Šä¸é€‚åˆs12ç‰ˆæœ¬è€Œé€€ç¯å¢ƒ,ç¦å»º,2024-11-30 20:40
9297010901,ASHE,https://gss0.bdstatic.com/6LZ1dD3d1sgCo2Kml5_Y_D3/sys/portrait/item/tb.1.678d5ec3.dM1NZqVjaZXApTcgHSJO-g?t=1687483049,                    15.æš—çˆªèˆ¹é•¿æˆ‘è¿æ¡¶éƒ½ä¸éœ€è¦ï¼Œçˆªåˆ€è´´è„¸aqæš´å‡»ç›´æ¥ç§’ç»“å±€ï¼šè€ä¹…åº¦æ”¹ç‰ˆç§’ä¸æ‰è„†çš®äº†ï¼ŒåŠ ä¸Šæš—çˆªç§»é™¤ï¼Œä¸‹æ°´é“é‡Œåƒç°,ç¦å»º,2024-11-30 20:41
9297010901,ASHE,https://gss0.bdstatic.com/6LZ1dD3d1sgCo2Kml5_Y_D3/sys/portrait/item/tb.1.678d5ec3.dM1NZqVjaZXApTcgHSJO-g?t=1687483049,                    16.æ’çœ¼åˆ€è³è‚çº¯åŠŸèƒ½æ€§è£…å¤‡è¿æ’ä½éƒ½åœ¨å‡ºï¼Œå¯è§å¼ºåº¦ï¼Œ2300å¤ªä¾¿å®œäº†ï¼Œæˆå‹å¿«å°±æ˜¯ä¼˜ç‚¹ï¼Œäºä¸ªè¢«åŠ¨æ— æ‰€è°“ç»“å±€ï¼šæ’çœ¼åˆ€åˆæ¶¨ä»·åˆå‰Šå±æ€§ï¼Œä»æ­¤æ’ä½æ— äººé—®æ´¥ï¼Œè³è‚ä¹Ÿä¸‹æ°´é“,ç¦å»º,2024-11-30 20:43
9297010901,è´´å§ç”¨æˆ·_0Ca49XW,https://gss0.bdstatic.com/6LZ1dD3d1sgCo2Kml5_Y_D3/sys/portrait/item/tb.1.bad788bb.19HjykCt5EIxGre5Yo_cOw?t=1443100465,                    æ²¡æœ‰ç‹‚é£åŠ²å¤«å·®è¯„,å¹¿ä¸œ,2024-11-30 20:45
9297010901,ASHE,https://gss0.bdstatic.com/6LZ1dD3d1sgCo2Kml5_Y_D3/sys/portrait/item/tb.1.678d5ec3.dM1NZqVjaZXApTcgHSJO-g?t=1687483049,                    17.èµ›å¨œå¡”å§†(åŒæ’å’Œæ¯”èµ›)åˆ©ç”¨å¡”å§†çš„é¡¶çº§ä¿æŠ¤èƒ½åŠ›å»ä¿ä¸€ä¸ªèµ›å¨œï¼Œå…»ç€å»å è¢«åŠ¨ï¼Œæˆå‹ä¹‹åè¾“å‡ºé«˜è¿˜å®‰å…¨ï¼Œè¡¥å…µçš„å¡”å§†å¦åº¦ä¹Ÿæ›´é«˜ç»“å±€ï¼šå¡”å§†wräº’æ¢ï¼Œä»¥åŠä¸¤ä¸ªè‹±é›„éƒ½è¢«ä¸€é€šå‰Šå¼±ï¼Œä¸‹æ°´é“é‡Œåƒç°å¾ˆé•¿æ—¶é—´,ç¦å»º,2024-11-30 20:49
9297010901,ASHE,https://gss0.bdstatic.com/6LZ1dD3d1sgCo2Kml5_Y_D3/sys/portrait/item/tb.1.678d5ec3.dM1NZqVjaZXApTcgHSJO-g?t=1687483049,                    18.åˆºå®¢æµæŒ–æ˜æœºæš—çˆªçªè„¸ï¼Œæ¥ä¸€å¥—æŠ€èƒ½å°±ç›´æ¥ç»™ä½ ç§’äº†ï¼Œå®Œå…¨ä¸éœ€è¦è€ƒè™‘ä»»ä½•å½“å‰æ’æŠ—ä¼¤å®³çš„é—®é¢˜ç»“å±€ï¼šæš—çˆªç§»é™¤ï¼Œå›å½’åŠè‚‰æˆ˜å£«ç”šè‡³çº¯è‚‰å¦å…‹,ç¦å»º,2024-11-30 20:51
9297010901,æœªçŸ¥ä½œè€…,æ— å¤´åƒ,,åœ°å€ä¿¡æ¯ç¼ºå¤±,æ—¶é—´ä¿¡æ¯ç¼ºå¤±
9297010901,ASHE,https://gss0.bdstatic.com/6LZ1dD3d1sgCo2Kml5_Y_D3/sys/portrait/item/tb.1.678d5ec3.dM1NZqVjaZXApTcgHSJO-g?t=1687483049,                    s11æ±‡æ€»ï¼šå…¨å‘˜æˆ˜å£«è£…ä¸”ä¸è¯´æœ‰ä½ç§»æŒºè¿›è¿™ç§è¶…æ¨¡ä¸œè¥¿ï¼Œå’³è¡€æ­»èˆè¡€æ‰‹å°±æ˜¯å…¨è”ç›Ÿæœ€è‚‰çš„ï¼Œæ¯”å¦å…‹è¿˜è‚‰ï¼Œä¼¤å®³æœ€æº¢å‡ºçš„ç‰ˆæœ¬ï¼Œé‚£å°±è¡¥å®¹é”™ç‡ï¼Œåˆºå®¢éƒ½åœ¨å‡ºæˆ˜å£«è£…,ç¦å»º,2024-11-30 20:52
9297010901,ASHE,https://gss0.bdstatic.com/6LZ1dD3d1sgCo2Kml5_Y_D3/sys/portrait/item/tb.1.678d5ec3.dM1NZqVjaZXApTcgHSJO-g?t=1687483049,                    s12(ç‰¹åˆ«æ˜¯ååŠå¹´)æ±‡æ€»ï¼šå…¨å‘˜åˆºå®¢è£…è€ä¹…åº¦æ”¹ç‰ˆä¹‹åï¼Œå‡ºæˆ˜å£«è£…å°±ä¼šå‡ºç°æ‰“ä¸åŠ¨äººçš„é—®é¢˜ï¼Œè¡¥ä¼¤å®³æˆäº†ç¬¬ä¸€è¦ç´ ï¼Œå„ç§æˆ˜å£«éƒ½åœ¨å‡ºçº¯è¾“å‡ºåˆºå®¢è£…ï¼Œç‰¹åˆ«æ˜¯è‡ªå¸¦å¸è¡€çš„ï¼ŒåŠè¡€è¿›å›¢æ»¡è¡€å‡º,ç¦å»º,2024-11-30 20:54
9297010901,ä¹Ÿä¼šå–µå–µå–µ,https://gss0.bdstatic.com/6LZ1dD3d1sgCo2Kml5_Y_D3/sys/portrait/item/tb.1.cd83eec5.na_hs-AnWdlzNPkvmLtMPw?t=1685243460,                    è¡¥å……ä¸€ä¸ªå¹•åˆƒå‰‘é­”ï¼Œæˆ‘æ„Ÿè§‰å¹•åˆƒçœŸçš„æœ‰å²ä»¥æ¥æœ€å¼ºåˆºå®¢è£…å§ï¼Œè§£é™¤è´Ÿé¢æ•ˆæœæ— æ³•é€‰ä¸­,è´µå·,2024-11-30 20:56
9297010901,ç½ç˜—é…©,https://gss0.bdstatic.com/6LZ1dD3d1sgCo2Kml5_Y_D3/sys/portrait/item/tb.1.c318bb45.jipJUQWHLXhmaW2Cm3GrBw?t=1692272904,                    å¡æ‹‰æ–¯åˆšé‡åšé‚£ä¼šæ˜¯å–æ¶ˆeqä½†æ˜¯æœ‰æ°¸éœœæ‰€ä»¥ä¾æ—§èƒ½ç©ï¼Œåæ¥ä¸»åŠ¨æŠ€èƒ½cdå¯¹åŠç å®Œç›´æ¥æŸ¥æ— æ­¤äººï¼ŒåŠ å¼ºäº†wä¹‹åå°±å˜æˆç‹å†•æ˜Ÿç•Œæ…å±æ£æµäº†,æµ™æ±Ÿ,2024-11-30 21:02
9297216276,å•çº¯çˆ±æœ«ç‚,https://gss0.bdstatic.com/6LZ1dD3d1sgCo2Kml5_Y_D3/sys/portrait/item/tb.1.c37babd3.AwqAmNBxQ6JuxLo_CuiKGA?t=1710919788,                    ï¼Ÿ,æ²³å—,2024-11-30 21:55
9297216276,æœªçŸ¥ä½œè€…,æ— å¤´åƒ,,åœ°å€ä¿¡æ¯ç¼ºå¤±,æ—¶é—´ä¿¡æ¯ç¼ºå¤±
9297216276,è½æ¨±å¹»ç°,https://gss0.bdstatic.com/6LZ1dD3d1sgCo2Kml5_Y_D3/sys/portrait/item/tb.1.502d34a0.wgiRLgqm2s2ZDL8XWeidRA?t=1720867395,                    12æœˆ3æ—¥ å‘¨äºŒBO1 13:00 NS VS VIE 2024KeSPAæ¯BO1 14:15 HLE VS GEN 2024KeSPAæ¯BO1 15:30 VIE VS DK 2024KeSPAæ¯BO1 16:45 T1 VS NS 2024KeSPAæ¯BO1 18:00 VIE VS HLE 2024KeSPAæ¯BO1 19:30 GEN VS NS 2024KeSPAæ¯BO1 20:30 DK VS T1 2024KeSPAæ¯12æœˆ5æ—¥ å‘¨å››BO1 12:00 TBD VS TBD 2024KeSPAæ¯BO1 13:15 TBD VS TBD 2024KeSPAæ¯BO1 14:30 TBD VS TBD 2024KeSPAæ¯BO1 15:45 TBD VS TBD 2024KeSPAæ¯BO1 17:00 TBD VS TBD 2024KeSPAæ¯12æœˆ7æ—¥ å‘¨å…­BO3 14:00 TBD VS TBD 2024KeSPAæ¯BO3 16:30 TBD VS TBD 2024KeSPAæ¯,æµ™æ±Ÿ,2024-11-30 21:55
9297216276,è½æ¨±å¹»ç°,https://gss0.bdstatic.com/6LZ1dD3d1sgCo2Kml5_Y_D3/sys/portrait/item/tb.1.502d34a0.wgiRLgqm2s2ZDL8XWeidRA?t=1720867395,                    ,æµ™æ±Ÿ,2024-11-30 21:55
9297216276,å²æœˆä¼´æˆ‘èµ°ä¸¶,https://gss0.bdstatic.com/6LZ1dD3d1sgCo2Kml5_Y_D3/sys/portrait/item/tb.1.9aeae938.bQ9Ddr3NTcBT6kwXqKSeAQ?t=1692172133,                    é˜…,å¹¿ä¸œ,2024-11-30 21:59
9297216276,ä»–çš„å¤±æ„ä¸é€‰æ‹©,https://gss0.bdstatic.com/6LZ1dD3d1sgCo2Kml5_Y_D3/sys/portrait/item/tb.1.c5d39b93.lyZfeQdMOH87pqaM4Wg_HA?t=1729788657,                    è¿™å•¥,å¹¿ä¸œ,2024-11-30 22:53
9297216276,é‡Œä¸­åƒæ,https://gss0.bdstatic.com/6LZ1dD3d1sgCo2Kml5_Y_D3/sys/portrait/item/tb.1.97bb78b8.Zgy7heWwIPSSYMUsRyOpqw?t=1687672193,                    kæ¯ä»¥å‰sktæ—¶æœŸè¿˜è¦ä¸Šå…¨ä¸»åŠ›æ‰“æ‰“ï¼ˆè™½ç„¶å¥½åƒä»æ²¡å¤ºå† è¿‡ï¼Ÿï¼‰ï¼Œç°åœ¨å¤§ä¼™éƒ½æ˜¯åº”ä»˜äº†ä¸€å…±å°±gen.gã€dkã€nsè¿™ä¸‰ä¸ªé˜Ÿä¸Šä¸»åŠ›æ‰“,æ±Ÿè¥¿,2024-11-30 22:56
9297216276,ä»å‰,https://gss0.bdstatic.com/6LZ1dD3d1sgCo2Kml5_Y_D3/sys/portrait/item/tb.1.25568d5e.g52d4VwtrfK4CiI7lTrgKw?t=1724501304,                    TBDæ¯,æµ™æ±Ÿ,2024-12-01 00:30
9297216276,æœªçŸ¥ä½œè€…,æ— å¤´åƒ,,åœ°å€ä¿¡æ¯ç¼ºå¤±,æ—¶é—´ä¿¡æ¯ç¼ºå¤±
9297216276,kkiis2,https://gss0.bdstatic.com/6LZ1dD3d1sgCo2Kml5_Y_D3/sys/portrait/item/tb.1.20e62b88.o7D7hi3_twymfp8gOoIirA?t=1590226476,                    1,å¹¿è¥¿,2024-12-01 01:32
9297216276,å¸•æ‹‰æ–¯ ,https://gss0.bdstatic.com/6LZ1dD3d1sgCo2Kml5_Y_D3/sys/portrait/item/tb.1.b8b10c80.Tfv5gyrPSd5vvQrNgoFBkQ?t=1720182435,                    ä¸Šé’Ÿäº†ï¼Œä¸Šç­å°±æ˜¯ä¸ºäº†ä¸‹ç­çš„,å¹¿ä¸œ,2024-12-01 08:11
9297216276,6666ghgf,https://gss0.bdstatic.com/6LZ1dD3d1sgCo2Kml5_Y_D3/sys/portrait/item/tb.1.3b451a76.nuPrBqsyk9dnKLq6pVBPIw?t=1646642414,                    ä¸Šé’Ÿ,æ²³å—,2024-12-01 08:46
9297216276,è´´å§ç”¨æˆ·_GUP9PGJ,https://gss0.bdstatic.com/6LZ1dD3d1sgCo2Kml5_Y_D3/sys/portrait/item/tb.1.477f155.v3zWzU6Fg1v0GIl0-C0bsw,                    ****ç‰²å£ï¼Œå“ˆå“ˆå“ˆå“ˆå“ˆå“ˆå“ˆå“ˆå“ˆå“ˆ,é™•è¥¿,2024-12-01 10:20
9297216276,é»‘ç‹—æ­£ç¾©,https://gss0.bdstatic.com/6LZ1dD3d1sgCo2Kml5_Y_D3/sys/portrait/item/tb.1.2df3e5e2.mRNZYa5jbtgc-iCaNVPLiA?t=1713611803,                    å‘¨æœ«è¿˜ä¸Šç­ï¼Ÿ,å‰æ—,2024-12-01 10:44
9297530179,æ–‡å­¸ç‡’é…’å¿ƒè‘‰,https://gss0.bdstatic.com/6LZ1dD3d1sgCo2Kml5_Y_D3/sys/portrait/item/tb.1.16fe8c61.4LXu_Hs6JeNn_qBgI_Gdog?t=1732723123,                    ä½ éƒ½è¿™ä¹ˆé—®äº† é‚£è‚¯å®šæ˜¯å¤§é£å•Š,æµ™æ±Ÿ,2024-12-01 01:50
9297530179,æœªçŸ¥ä½œè€…,æ— å¤´åƒ,,åœ°å€ä¿¡æ¯ç¼ºå¤±,æ—¶é—´ä¿¡æ¯ç¼ºå¤±
9297530179,å¬è¯´è¿™å¾ˆæœ‰å†…æ¶µ,https://gss0.bdstatic.com/6LZ1dD3d1sgCo2Kml5_Y_D3/sys/portrait/item/tb.1.9334544d.5JK7YjiF6drSABNHeqfCFA?t=1479726600,                    çœ‹æ¯”èµ›çš„éƒ½çŸ¥é“ä¸Šè·¯åƒäº†å¤šå°‘èµ„æºï¼Œæ‰“äº†å¤šå°‘è¾“å‡º,æ±Ÿè‹,2024-12-01 02:00
9297530179,Holmes,https://gss0.bdstatic.com/6LZ1dD3d1sgCo2Kml5_Y_D3/sys/portrait/item/tb.1.8f1ef51f.QQeB87OUGd2jCavQihyu1A?t=1596636649,                    ä¸‰çº§tä¸Šå¸®é¼ ç”·æŠ“ æ³¨å®šäº†fakerè‡ªå·±ç©å¾—å¾ˆéš¾å— æŠŠçƒäº¤ç»™å§åº•,é‡åº†,2024-12-01 02:00
9297530179,æš–æš–å§œ,https://gss0.bdstatic.com/6LZ1dD3d1sgCo2Kml5_Y_D3/sys/portrait/item/tb.1.155a0a63.SDj9u-3QW0DFD7dGNNLAhg?t=1732595458,                    é¼ ç”·ç»å¯¹èƒŒå¤§é”… ç©ä¸ªç”µè€—å­å¼€ä¸ªeè½¬åŠå¤©æ²¡rç»“æœè¢«é¬¼é¬¼å‡ ä¸‹ç‚¹æ­»é‚£ç”»é¢æˆ‘ç°åœ¨éƒ½è®°å¾—ä½†å‡¡æœ‰ä¸€æ³¢å¤©é›·è¿›å†³èµ›çš„éƒ½å¯èƒ½æ˜¯t1äº†,ç¾å›½,2024-12-01 02:09
9297530179,è´´å§ç”¨æˆ·_J45yWK2,https://gss0.bdstatic.com/6LZ1dD3d1sgCo2Kml5_Y_D3/sys/portrait/item/tb.1.bf103208.neOsAlziugnkd06uO-IrgQ,                    ä¸€æŠŠè¢«æ€ç©¿çš„ç‘å…¹ï¼Œä¸€æŠŠç”Ÿæ­»å±€è¿œå¤é¾™å›¢æš´æ¯™0ä½œç”¨çš„æ²™çš‡èƒ½æŠŠé”…å…¨ç”©ç»™ä¸Šè·¯ï¼Œåªèƒ½è¯´èŒèšªå¤ªå¤šäº†ã€‚,äº‘å—,2024-12-01 02:14
9297530179,ç­å°¼777777,https://gss0.bdstatic.com/6LZ1dD3d1sgCo2Kml5_Y_D3/sys/portrait/item/tb.1.38a6267f.yLYBWKeMN-XLNFWbb3kHuw,                    é‚£å€‹bo5å·®è·æœ€å¤§æ˜é¡¯ä¸­è·¯ é‚„åœ¨æ€ªä¸Šè·¯,ä¸­å›½å°æ¹¾,2024-12-01 02:40
9297530179,ç­å°¼777777,https://gss0.bdstatic.com/6LZ1dD3d1sgCo2Kml5_Y_D3/sys/portrait/item/tb.1.38a6267f.yLYBWKeMN-XLNFWbb3kHuw,                    ä¸­è·¯å¯æ˜¯è¢«å–®ç·šæ‰“ç©¿ è—æ–¹è‡ªbanå¦–å§¬,ä¸­å›½å°æ¹¾,2024-12-01 02:41
9297530179,æœªçŸ¥ä½œè€…,æ— å¤´åƒ,,åœ°å€ä¿¡æ¯ç¼ºå¤±,æ—¶é—´ä¿¡æ¯ç¼ºå¤±
9297530179,kystrl,https://gss0.bdstatic.com/6LZ1dD3d1sgCo2Kml5_Y_D3/sys/portrait/item/tb.1.373b6bd9.deELEAImCpLHSAzBclXRFw?t=1728677193,                    éƒ½ä¸å¹²å‡€ï¼Œå°±è·Ÿs12å†³èµ›ä¸€æ ·ï¼Œä¸Šä¸­é‡å„é€ä¸€æŠŠæœ€åé”…å…¨è®©ä¸Šè·¯èƒŒäº†,å››å·,2024-12-01 02:41
9297530179,å•çº¯çˆ±aono,https://gss0.bdstatic.com/6LZ1dD3d1sgCo2Kml5_Y_D3/sys/portrait/item/tb.1.9e875b22.HfeiRrkZZM_lt7z1A2ESzw,                    è¦çœ‹è¿™æŠŠä¸æŠŠè®¸å‚¨çš„æ…•æ–¯çˆ¹ä¸€èµ·æ”¾è¿›æ¥ï¼Ÿä¸‰çº§æŠ“ä¸­äº”çº§æŠ“ä¸­ä¸ƒçº§å¸¦ç€è¾…åŠ©ä¸€èµ·æŠ“ä¸­ï¼ŒæŠ“çš„å¤§æç‹—ç›´æ¥ç©ä¸äº†æ¸¸æˆäº†å¤§æç‹—æ­»çš„å…­æ¬¡æœ‰ä¸€æ¬¡æ˜¯å•æ€å—æˆ‘æœ‰ç‚¹å¥½å¥‡äº†,é‡åº†,2024-12-01 02:47
9297530179,asdqw--,https://gss0.bdstatic.com/6LZ1dD3d1sgCo2Kml5_Y_D3/sys/portrait/item/tb.1.a6220e3e._R2KnNB3326fZmz7rA_Ppw?t=1601024269,                    å¤§é£è¢«ç§€ç¥çˆ†äº†,æ±Ÿè‹,2024-12-01 02:50
9297530179,é»‘è‰²æ¯’æ ‡ğŸ£,https://gss0.bdstatic.com/6LZ1dD3d1sgCo2Kml5_Y_D3/sys/portrait/item/tb.1.5f38a48a.NcPZEIoWn3zKi8PBYHG6Bg?t=1714232624,                    é¼ Ã·åœ¨åœºå¤–å°±å·²ç»å¼€å§‹å‡†å¤‡æŠ•æ•Œäº†ï¼Œè¿™ä¸ªæ²¡äººæ¯”å¾—ä¸Š,å¹¿ä¸œ,2024-12-01 02:51
9297530179,ç­å°¼777777,https://gss0.bdstatic.com/6LZ1dD3d1sgCo2Kml5_Y_D3/sys/portrait/item/tb.1.38a6267f.yLYBWKeMN-XLNFWbb3kHuw,                    èªªå‡ºä¸æ˜¯ä¸­è·¯å·®è·æœ€å¤§ä»¥å¤–çš„é¸é …é‘‘å®šç‚ºæ²’çœ‹éé‚£å ´æ¯”è³½çš„,ä¸­å›½å°æ¹¾,2024-12-01 02:52
9297530179,ç©ºå¿ƒæ´›å…‹,https://gss0.bdstatic.com/6LZ1dD3d1sgCo2Kml5_Y_D3/sys/portrait/item/tb.1.387f7445.smpeqttF8WtJHC6IrHfwiA?t=1511333647,                    Fakeråªæ˜¯è¢«æŠ“çˆ†äº†ï¼Œæ²¡æœ‰äººèƒ½å¸®ï¼Œæ ¹æœ¬å‘ä¸äº†åŠ›ã€‚,æ²³åŒ—,2024-12-01 02:54
9297530179,æœªçŸ¥ä½œè€…,æ— å¤´åƒ,,åœ°å€ä¿¡æ¯ç¼ºå¤±,æ—¶é—´ä¿¡æ¯ç¼ºå¤±
9297530179,ç®€å•ç”·å­©simple,https://gss0.bdstatic.com/6LZ1dD3d1sgCo2Kml5_Y_D3/sys/portrait/item/tb.1.54ac356.zbfXCEMr9wNB_XRnsD6-xw,                    åˆšçœ‹åˆ°ä¸€ä¸ªé¢„è¨€å®¶,å››å·,2024-12-01 02:54
9297530179,è½å¹•ç»“å±€Amelia,https://gss0.bdstatic.com/6LZ1dD3d1sgCo2Kml5_Y_D3/sys/portrait/item/tb.1.e9cff87d.WehdRzfN5Wf-GpM5U_1Vvg?t=1698903924,                    å½“ç„¶æ˜¯å¤§é£ï¼Œé¼ ç”·åªæ˜¯å¯¹é˜Ÿä¼æ²¡å¸®åŠ©ï¼Œå¤§é£æ˜¯ç›´æ¥å§åº•,åŠ æ‹¿å¤§,2024-12-01 02:56
9297530179,é“è¡£ä¾¯,https://gss0.bdstatic.com/6LZ1dD3d1sgCo2Kml5_Y_D3/sys/portrait/item/tb.1.c10f8a87.XQQrLlGIyeQXtKicXHuCew?t=1530498717,                    6,æµ™æ±Ÿ,2024-12-01 03:07
9297530179,å¤©å¸å¶å‡¡âˆ,https://gss0.bdstatic.com/6LZ1dD3d1sgCo2Kml5_Y_D3/sys/portrait/item/tb.1.9d420cb7.D5i7JGyKqkauA97Tp8Uu8w?t=1728899256,                    è‚¯å®šfaker,é»‘é¾™æ±Ÿ,2024-12-01 03:29
9297530179,è´´å§ç”¨æˆ·_JR4tZX6,https://gss0.bdstatic.com/6LZ1dD3d1sgCo2Kml5_Y_D3/sys/portrait/item/tb.1.3fd66622.NGl0y3rXnDDh25Hszo309w?t=1732568450,                    ä¸ºä»€ä¹ˆä¸çœ‹èµ¢çš„å‘¢ å½“ç„¶æ˜¯å› ä¸ºfakeræœ‰mvpå•Š,ä¸Šæµ·,2024-12-01 03:47
9297530179,å¯èƒ½æ˜¯çˆ±æƒ…å§,https://gss0.bdstatic.com/6LZ1dD3d1sgCo2Kml5_Y_D3/sys/portrait/item/tb.1.efe3fd69.PmZgnX2PJRd7dBqJTtUkRA?t=1524583026,                    060ç‘å…¹çº¯çº¯è‡ªå·±ä¸­è·¯è¢«æŠ“çœé—ªç°è¢«æ‰“é‡æŠ“æ­»æ‰å…ˆé”‹èŠ‚å¥,æ±Ÿè‹,2024-12-01 07:03
9297530179,æœªçŸ¥ä½œè€…,æ— å¤´åƒ,,åœ°å€ä¿¡æ¯ç¼ºå¤±,æ—¶é—´ä¿¡æ¯ç¼ºå¤±
9297530179,9876123,https://gss0.bdstatic.com/6LZ1dD3d1sgCo2Kml5_Y_D3/sys/portrait/item/tb.1.ef883554.a8OPW9FRYPfkM5lRMpIAfQ?t=1722405161,                    ç¬¦åˆid,æ±Ÿè‹,2024-12-01 07:08
9297530179,Mio,https://gss0.bdstatic.com/6LZ1dD3d1sgCo2Kml5_Y_D3/sys/portrait/item/tb.1.811edc79.YzqD0k8ANfUZxSiHqKwDwQ?t=1656318800,                    ä½ è¯´fakerå¯¹ä½è¢«è¶…ç¥ä»–ä»¬ä¼šè¯´è®¸è¤šå–Šäººå¹¶éä¸­å•gapï¼Œè¯åˆè¯´å›æ¥ä»Šå¹´ä¸–ç•Œèµ›æ˜¯ä¸æ˜¯fakeråŠ é‡Œå¥¥æ‘‡äººæŠ“æ­»çš„å·¦æ‰‹ï¼Œå¥—ä¸‹å…¬å¼æ˜¯ä¸æ˜¯fakerä¹Ÿæ˜¯é çš„ä»–onerğŸ¦‹æ‰è£…èµ·æ¥çš„å•Š,æ¹–åŒ—,2024-12-01 07:42
9297530179,è´´å§ç”¨æˆ·_77aNPeJ,https://gss0.bdstatic.com/6LZ1dD3d1sgCo2Kml5_Y_D3/sys/portrait/item/tb.1.e448c367.nlSwt0WSLjTammzIJBQ7fQ?t=1565236661,                    çœ‹è¿‡çš„éƒ½çŸ¥é“è¿™æŠŠbo5ä¸­é‡gap,æ±Ÿè‹,2024-12-01 08:11
9297530179,æ— ğŸˆšè¯­,https://gss0.bdstatic.com/6LZ1dD3d1sgCo2Kml5_Y_D3/sys/portrait/item/tb.1.66a1fbeb.mgjhr-qY7Oyl4q3AjIb1Jw?t=1662959872,                    ä¸­å•gapï¼Œå››å°åªå°½åŠ›äº†ï¼Œå¤§é£å°½åŠ›æš´æ¯™äº†ï¼Œç§€ä¸€å„¿å¤§é£,å¹¿è¥¿,2024-12-01 08:49
9297530179,å’–å•¡å¥¶ç³–åŠ å†°ğŸ§Š,https://gss0.bdstatic.com/6LZ1dD3d1sgCo2Kml5_Y_D3/sys/portrait/item/tb.1.3bc2bcb6.7xDERmolU5pa0I0jIU2ltg?t=1665228238,                    ç¬¬ä¸€æŠŠcannaé—®é¢˜æœ€å¤§ï¼Œä¸‰çº§å¤§é£tpä¸Šè·¯ä¿ä»–ï¼Œç»“æœæš´æ¯™æ°æ–¯ï¼šç¬¬å››æŠŠå¤§é£ç‘å…¹è¢«ç–¯ç‹‚é’ˆå¯¹ï¼Œå¤´æ™•çœ¼èŠ±ï¼Œé—®é¢˜æœ€å¤§ï¼›ç¬¬äº”å±€å¤§é£æ²™çš‡tpæš´æ¯™ï¼Œæœ‰é—®é¢˜,é™•è¥¿,2024-12-01 08:51
9297530179,æ´‹å¤©ç‹,https://gss0.bdstatic.com/6LZ1dD3d1sgCo2Kml5_Y_D3/sys/portrait/item/tb.1.e68f7640.rlw6csH9qxk2QYE8xPbKQg?t=1727676544,                    éƒ½s14äº†ï¼Œè¿˜ç›¯ç€è¿™æŠŠæ¯”èµ›ä¸æ”¾ï¼ŒçœŸä¸è‡³äºå§ï¼Œè¿˜ä¸å¦‚å‘å‘ä»Šå¹´æ’å¢™é‚£æŠŠ,æ¹–åŒ—,2024-12-01 09:00
9297530179,æœªçŸ¥ä½œè€…,æ— å¤´åƒ,,åœ°å€ä¿¡æ¯ç¼ºå¤±,æ—¶é—´ä¿¡æ¯ç¼ºå¤±
9297530179,è€å¸æœºgkd,https://gss0.bdstatic.com/6LZ1dD3d1sgCo2Kml5_Y_D3/sys/portrait/item/tb.1.ea008094.9Y4yDcWbP0Zf9htGbZ3YyQ?t=1725699170,                    s11å¤§æç‹—å’Œé¼ Ã·éƒ½æ˜¯Ã·ï¼Œç‘å…¹é‚£æŠŠæ‰“å¾—åƒä¹°äº†è èœä¸€æ ·ï¼Œé‚£ç«™ä½æ°¸è¿œéƒ½å¾€æ‰“é‡çš„æ–¹å‘èµ°ï¼Œæ¥ä¸€æ¬¡æ­»ä¸€æ¬¡ï¼Œæ€»çš„æ¥è¯´è€é¼ ä¸Šå•æ›´Ã·ï¼Œèµ¢å¾—å±€éƒ½å¸¦ç‚¹Ã·,å¹¿ä¸œ,2024-12-01 09:06
9297530179,ä¸€æ‹³å‡é¢,https://gss0.bdstatic.com/6LZ1dD3d1sgCo2Kml5_Y_D3/sys/portrait/item/tb.1.2f77ae22.Q-n2-z8yhjp-9fYcDH8umA?t=1604032546,                    ä½ éƒ½æŠŠæˆªå›¾æ”¾å‡ºæ¥äº†ï¼Œæ„æ€å¾ˆæ˜æ˜¾äº†å•Šã€‚ä½†çœŸçœ‹è¿‡æ¯”èµ›çš„ï¼Œéƒ½çŸ¥é“å¤§é£å·²ç»å°½åŠ›äº†ï¼Œå‰é¢å‡ æŠŠè®°å¾—æ˜¯å†°å¥³å§è¿˜èƒ½å‹å¾ç§€ï¼Œåé¢å¤§é£å°±å¼€å§‹æ˜å¤´äº†ï¼Œå°±æ˜¯å‰å‡ å¹´çŸ¥åçš„æ¢—ï¼Œç†¬è€å¤´ï¼Œç¬¬äº”æŠŠå¤§é£ä¼šé€ï¼Œæœ€è¿‘ä¸€ä¸¤å¹´ç¬¬äº”æŠŠå¤§é£å¥½åƒæ­£å¸¸äº†è®¸å¤šï¼Œéš¾é“åƒé¦™è•‰çœŸæœ‰ç”¨ï¼Ÿ,æµ™æ±Ÿ,2024-12-01 09:24
9297530179,ä¸Šå®˜å¨œå¨œ,https://gss0.bdstatic.com/6LZ1dD3d1sgCo2Kml5_Y_D3/sys/portrait/item/tb.1.7d80794a.dCVXqtt7_IQOrC5W7J9p8A?t=1627481709,                    é£æ˜¯å‘äº†å•Šï¼Œä½†æŸäº›äººæ˜¯å«fakeræ²¡å¥½é˜Ÿå‹è¿›ä¸äº†sèµ›åè§‚smkï¼Œç»™æˆ‘æ•´ç¬‘äº†ã€‚è¿™æŠŠä¸æ˜¯é‡çˆ¹æœ€cã€‚è¿˜èƒ½æ´—ç™½é¼ ç”·å‡¯å—çš„,ä¸Šæµ·,2024-12-01 09:25
9297530179,çˆ±ä½ ä¸å­¤ç‹¬,https://gss0.bdstatic.com/6LZ1dD3d1sgCo2Kml5_Y_D3/sys/portrait/item/tb.1.395aa198.H9XNOoHkCE4beX9zmrd-lg?t=1642696513,                    ,æµ™æ±Ÿ,2024-12-01 09:25
9297437706,-,https://gss0.bdstatic.com/6LZ1dD3d1sgCo2Kml5_Y_D3/sys/portrait/item/tb.1.fa5e63f6.p2hN--IsVzNeiXLa1-ZHkA?t=1583060686,                    ä¸å…ˆæ‰“blgæˆ–è€…tes ï¼Ÿ,é™•è¥¿,2024-12-01 01:12
9297437706,æœªçŸ¥ä½œè€…,æ— å¤´åƒ,,åœ°å€ä¿¡æ¯ç¼ºå¤±,æ—¶é—´ä¿¡æ¯ç¼ºå¤±
9297437706,ğŸ‘¿ğŸ‘¿ã€‚,https://gss0.bdstatic.com/6LZ1dD3d1sgCo2Kml5_Y_D3/sys/portrait/item/tb.1.6533aafe.oQPlBT1xlHa2gdAxns4UGQ,                    æ‰“å¾—è¿‡WBGå—,å±±ä¸œ,2024-12-01 01:22
9297437706,é“ƒé¹¿å¾¡å‰ğŸ¤—,https://gss0.bdstatic.com/6LZ1dD3d1sgCo2Kml5_Y_D3/sys/portrait/item/tb.1.b59b016b.35n7DoG4oaGMVBVO0zwAmQ?t=1704887837,                    wbgæ˜¯ï¼Ÿæ€ä¹ˆä¹Ÿå¾—å»tes,å±±ä¸œ,2024-12-01 01:33
9297437706,å¤©å¹»_Y,https://gss0.bdstatic.com/6LZ1dD3d1sgCo2Kml5_Y_D3/sys/portrait/item/tb.1.7fc62e8d.up6eQUhvmI7fz1Bo73ring?t=1439173362,                    è¿™æ ·ï¼Œigæ‰“blgï¼Œwbgæ‰“tes,å¹¿ä¸œ,2024-12-01 01:46
9297437706,å¥½é£å¦‚æ°´lan,https://gss0.bdstatic.com/6LZ1dD3d1sgCo2Kml5_Y_D3/sys/portrait/item/tb.1.47b76023.H0krj4bGMEGESTBPGHrHtQ?t=1717254371,                    wbgæ²¡æ’é¢ï¼Œå»ºè®®ç›´æ¥æ‰“blg,å››å·,2024-12-01 08:33
9297437706,ä¼Šè‹å°”æ½®,https://gss0.bdstatic.com/6LZ1dD3d1sgCo2Kml5_Y_D3/sys/portrait/item/tb.1.a96e0520.4HgBKaYFxdcCwm8bOOQpwg?t=1660491180,                    å…ˆæ‰“rngå§,æ¹–åŒ—,2024-12-01 08:45
9297437706,çƒ­æƒ…ä¹Ÿä¼šå‡éœœå—,https://gss0.bdstatic.com/6LZ1dD3d1sgCo2Kml5_Y_D3/sys/portrait/item/tb.1.6cb22c2f.hQIhXfq2JYt2P4jXkZDYhA?t=1730576149,                    æƒ³éƒ½ä¸æ•¢æƒ³æœ€æœ‰èŠ‚ç›®æ•ˆæœçš„ï¼Œè‚¯å®šigæ‰“tesæµé‡æœ€å¤§å•Šï¼Œç»å…¸èŠ‚ç›®å¿ç•Œå¤§æˆ˜å›å½’äº†ï¼Œæ¼©æ¶¡æ°äººå¤§æˆ˜å®‡æ™ºæ³¢æ°´,ä¸Šæµ·,2024-12-01 08:50
9297437706,æœªçŸ¥ä½œè€…,æ— å¤´åƒ,,åœ°å€ä¿¡æ¯ç¼ºå¤±,æ—¶é—´ä¿¡æ¯ç¼ºå¤±
9297437706,è“è‹¥å†°à¹‘,https://gss0.bdstatic.com/6LZ1dD3d1sgCo2Kml5_Y_D3/sys/portrait/item/tb.1.5a696656.JXac_9LfmqMksrrSw4qUag?t=1731634555,                    ç¬¬ä¸€å¤©åŒ…è¦æ•ğŸ¤çš„,æ²³å—,2024-12-01 09:44
9297437706,lian,https://gss0.bdstatic.com/6LZ1dD3d1sgCo2Kml5_Y_D3/sys/portrait/item/tb.1.ab33f3fa.Llyd7Ha0ZibMtTxSbAgRmg?t=1594313866,                    æ­å¹•æˆ˜ç»å¯¹igæ‰“tes,æ¹–å—,2024-12-01 09:52
9297437706,skyå°è±†å¥‡,https://gss0.bdstatic.com/6LZ1dD3d1sgCo2Kml5_Y_D3/sys/portrait/item/tb.1.b63523ee.xm6JmTu9GGlHstPTgxIC0w,                    ä¼°è®¡æ˜¯tes,ç”˜è‚ƒ,2024-12-01 09:52
9297437706,(à¹‘â€¢Ì€ã…‚â€¢Ì),https://gss0.bdstatic.com/6LZ1dD3d1sgCo2Kml5_Y_D3/sys/portrait/item/tb.1.9ff3da70.ZRobIdrRNqKW5AKfcFA51A?t=1731619574,                    æ‰“wbgæœ‰ä»€ä¹ˆæµé‡ï¼Œæ‰“tesæ‰æ˜¯æµé‡æ‹‰æ»¡,å¹¿è¥¿,2024-12-01 11:25
9297437706,å¸Œå°”åä»€ç‰©,https://gss0.bdstatic.com/6LZ1dD3d1sgCo2Kml5_Y_D3/sys/portrait/item/tb.1.aaf89290.KlXCVQoPRVwt8uWCH6poqg?t=1727965028,                    ä¸æ‰“TESï¼Ÿæµé‡æ‹‰æ»¡ï¼Œå°¤å…¶æ˜¯TESè¿™ç§æ–°èµ›å­£ç¬¬ä¸€æŠŠå¤§æ¦‚ç‡è¾“çš„æˆ˜é˜Ÿï¼Œç»™IGçˆ½åƒ,ä¸Šæµ·,2024-12-01 11:56
9298155158,çˆ±ç¥ç´¢å°”,https://gss0.bdstatic.com/6LZ1dD3d1sgCo2Kml5_Y_D3/sys/portrait/item/tb.1.448fca8a.Ht7DwbBhbfgSXOie3_63vA?t=1732793287,                    ç¬¬ä¸€ä½rookieï¼ŒåŸºæœ¬ç®—å…¨å‹¤å¾æˆ˜lpl,å±±è¥¿,2024-12-01 11:40
9298155158,æœªçŸ¥ä½œè€…,æ— å¤´åƒ,,åœ°å€ä¿¡æ¯ç¼ºå¤±,æ—¶é—´ä¿¡æ¯ç¼ºå¤±
9298155158,çˆ±ç¥ç´¢å°”,https://gss0.bdstatic.com/6LZ1dD3d1sgCo2Kml5_Y_D3/sys/portrait/item/tb.1.448fca8a.Ht7DwbBhbfgSXOie3_63vA?t=1732793287,                    ç¬¬äºŒä½meiko,å±±è¥¿,2024-12-01 11:45
9298155158,ç”Ÿç”Ÿä¸æ¯,https://gss0.bdstatic.com/6LZ1dD3d1sgCo2Kml5_Y_D3/sys/portrait/item/tb.1.5141d4a1.xsb9rsWFI7cbWPWn0-tNIw?t=1601552310,                    é”€æˆ·,æ±Ÿè¥¿,2024-12-01 11:46
9298155158,çˆ±ç¥ç´¢å°”,https://gss0.bdstatic.com/6LZ1dD3d1sgCo2Kml5_Y_D3/sys/portrait/item/tb.1.448fca8a.Ht7DwbBhbfgSXOie3_63vA?t=1732793287,                    ç¬¬ä¸‰ä½xiaohuï¼Œå‰ä¸¤ä½åå‘¨å¹´é€‰æ‰‹éƒ½æœ‰så† äº†,å±±è¥¿,2024-12-01 11:48
9298155158,Jaydeno_O,https://gss0.bdstatic.com/6LZ1dD3d1sgCo2Kml5_Y_D3/sys/portrait/item/tb.1.7ac4ac8b.FupuI_TYHqfx9gzOO2zpNA?t=1710829690,                    å¤§ä¼™æ˜¯å¬ä½ æ¥è¯´è¿™ä¸ªçš„å—ï¼Œgkd,å¹¿ä¸œ,2024-12-01 11:49
9298155158,ç¥æ„›ä¸–äºº:(,https://gss0.bdstatic.com/6LZ1dD3d1sgCo2Kml5_Y_D3/sys/portrait/item/tb.1.a55d3674.g4KOEP4JnyRqDgjCfRVf2w?t=1732970305,                    æŠ“ç´§gkd,å±±ä¸œ,2024-12-01 11:50
9298155158,é˜¿è¯—è°·èŠ±éºŸ,https://gss0.bdstatic.com/6LZ1dD3d1sgCo2Kml5_Y_D3/sys/portrait/item/tb.1.28001f84.-iszDIGqvEIVkSHiErxr9g?t=1730295840,                    é€†å¤©å›¾,å¹¿ä¸œ,2024-12-01 11:53
9298155158,æœªçŸ¥ä½œè€…,æ— å¤´åƒ,,åœ°å€ä¿¡æ¯ç¼ºå¤±,æ—¶é—´ä¿¡æ¯ç¼ºå¤±
9298155158,çˆ±ç¥ç´¢å°”,https://gss0.bdstatic.com/6LZ1dD3d1sgCo2Kml5_Y_D3/sys/portrait/item/tb.1.448fca8a.Ht7DwbBhbfgSXOie3_63vA?t=1732793287,                    ç¬¬å››ä½flandreï¼Œè·Ÿå‰ä¸‰åŸºæœ¬åå¹´å…¨å‹¤å¾æˆ˜ä¸åŒï¼Œåœ£æªåå¹´é—´æœ‰ä¼‘æ¯æ›¿è¡¥çŠ¶æ€,å±±è¥¿,2024-12-01 11:54
9298155158,èŒƒæ ¼å ¡å¶å¦®èŠ™,https://gss0.bdstatic.com/6LZ1dD3d1sgCo2Kml5_Y_D3/sys/portrait/item/tb.1.f90e52f3.Z7yjXEFHMjwQYzqvNEeSzQ?t=1733025415,                    GKDï¼ï¼ï¼ï¼,å¤©æ´¥,2024-12-01 11:56
9298155158,å®…ä¹‹è´¤,https://gss0.bdstatic.com/6LZ1dD3d1sgCo2Kml5_Y_D3/sys/portrait/item/tb.1.fab56396.mejLm96toSi8_1V1YyA80w?t=1536272645,                    gkd,å±±ä¸œ,2024-12-01 11:57
9298163646,å¥¥æ´›å°¼-,https://gss0.bdstatic.com/6LZ1dD3d1sgCo2Kml5_Y_D3/sys/portrait/item/tb.1.29a1141b.XOdBAaJUatCF2OR_VIwjNQ?t=1617254609,                    æ§åˆ¶å˜é‡ï¼Œæ•™ç»ƒä¹Ÿéƒ½æ˜¯èŒ‚å‡¯+æœ±å¼€,æµ™æ±Ÿ,2024-12-01 11:48
9298163646,æœªçŸ¥ä½œè€…,æ— å¤´åƒ,,åœ°å€ä¿¡æ¯ç¼ºå¤±,æ—¶é—´ä¿¡æ¯ç¼ºå¤±
9298163646,ä¸–ä¸Šåªæœ‰mumå¥½,https://gss0.bdstatic.com/6LZ1dD3d1sgCo2Kml5_Y_D3/sys/portrait/item/tb.1.99918395.w6nBXbIYovRiqRwaQBd8lw?t=1732250052,                    æ²™å¨ç›ä¹Ÿé…ï¼Œæ¶…æ§ƒæ‰“é‡ï¼Œçš‡æ‚ä¸€ä¸ª,æ±Ÿè‹,2024-12-01 11:56
9293619068,å¹´ä»£ï¼ˆæ·±æƒ…çˆ±å›½ç‰ˆï¼‰,https://gss0.bdstatic.com/6LZ1dD3d1sgCo2Kml5_Y_D3/sys/portrait/item/tb.1.3205218e.wcZWpJTdyrZy2GP17Funzw?t=1732820209,                    å†°çˆ†ï¼,æ±Ÿè‹,2024-11-29 00:35
9293619068,æœªçŸ¥ä½œè€…,æ— å¤´åƒ,,åœ°å€ä¿¡æ¯ç¼ºå¤±,æ—¶é—´ä¿¡æ¯ç¼ºå¤±
9293619068,ä¹ä¸ªè‘«èŠ¦å¨ƒ,https://gss0.bdstatic.com/6LZ1dD3d1sgCo2Kml5_Y_D3/sys/portrait/item/tb.1.8fbc83f.DUJZcVkt3KZ9twUYN-Rzxg?t=1659510957,                    æˆ‘æ˜¯ä¸ç†è§£ç‚«ç‹—çš„ï¼Œè‡ªå·±é‚£ä¹ˆæ²¡ä¸‹é™ä¸å°±å¾—è¢«åå™¬ï¼Ÿå‡­ä»€ä¹ˆä½ éšä¾¿éª‚éª‚ï¼Œåˆ«äººå¾—å—ç€ï¼Œåˆ«äººéª‚ä½ å°±ç ´é˜²æ²¡æœ‰é»‘å­çš„æ“å®ˆï¼Œç©ä¸èµ·è¿˜ç¡¬ä¸²ï¼Œæ´»è¯¥ç‚«è¿ˆS,æ²³å—,2024-11-29 00:51
9293619068,å¹´ä»£ï¼ˆæ·±æƒ…çˆ±å›½ç‰ˆï¼‰,https://gss0.bdstatic.com/6LZ1dD3d1sgCo2Kml5_Y_D3/sys/portrait/item/tb.1.3205218e.wcZWpJTdyrZy2GP17Funzw?t=1732820209,                    ç‚«æ¯è¦è¢«å†°çˆ†å’¯,æ±Ÿè‹,2024-11-29 00:57
9293619068,ç›¸çˆ±å‡ å¤šå¹´çˆ±èµ¤çŸ³,https://gss0.bdstatic.com/6LZ1dD3d1sgCo2Kml5_Y_D3/sys/portrait/item/tb.1.f466c274.3B7m2whYC2bxHuKhUVP7_A?t=1732804708,                    ä¸è¿‡æ¶…æ§ƒæ‰“é‡èƒ½æƒ³å‡ºç‚«è¿ˆsä¹Ÿæ˜¯ä¸ªç¥äºº,å¹¿ä¸œ,2024-11-29 00:59
9293619068,NGzzzzz,https://gss0.bdstatic.com/6LZ1dD3d1sgCo2Kml5_Y_D3/sys/portrait/item/tb.1.53b2592e.izgoKrqrjdJdBoG3xYOZ5Q?t=1699375517,                    ç‚«ç‹—æ‹‰é»‘äººå¯å‰å®³äº†,å¹¿ä¸œ,2024-11-29 01:04
9293619068,æ—äº‘é”¦,https://gss0.bdstatic.com/6LZ1dD3d1sgCo2Kml5_Y_D3/sys/portrait/item/tb.1.34e5906b.X9bVGd6__91zO-nfdrL47w?t=1732059690,                    weiæ˜¯å¯¹çš„å‘€ï¼ŒçœŸå½“äººéƒ½æ˜¯è½¯æŸ¿å­å•Š,æµ™æ±Ÿ,2024-11-29 01:06
9293619068,ç§‘ç›®,https://gss0.bdstatic.com/6LZ1dD3d1sgCo2Kml5_Y_D3/sys/portrait/item/tb.1.bb0f36a.s6a22pwKxWEaffG_rGm8zQ?t=1728166446,                    ç‚«ç›®ç‰›æ¯”,å››å·,2024-11-29 01:08
9293619068,æœªçŸ¥ä½œè€…,æ— å¤´åƒ,,åœ°å€ä¿¡æ¯ç¼ºå¤±,æ—¶é—´ä¿¡æ¯ç¼ºå¤±
9293619068,é‡‘å†¬å¤©ğŸ¥°,https://gss0.bdstatic.com/6LZ1dD3d1sgCo2Kml5_Y_D3/sys/portrait/item/tb.1.fd4119fd.Gj1j6o7yioWP2iPH5N9uDw?t=1730484074,                    ä¸€äººä¸€å¥æ¶…æ§ƒç»„æ‰“é‡ç‰›é€¼æ¥,å¹¿ä¸œ,2024-11-29 01:10
9293619068,ä¸å¯æ°”,https://gss0.bdstatic.com/6LZ1dD3d1sgCo2Kml5_Y_D3/sys/portrait/item/tb.1.6321c7b0.fB3cF1aCv7MUHzcFxuBRmA?t=1628739233,                    weiç›´æ’­å–ä¸€ä¸‹è¿™ä¸ªå§,æ²³å—,2024-11-29 01:17
9293619068,å¸•è¥¿æ³•å°”,https://gss0.bdstatic.com/6LZ1dD3d1sgCo2Kml5_Y_D3/sys/portrait/item/tb.1.c765ef25.EzKqYPIy-kXeDYYbuW90VQ?t=1667111092,                    åç‚«ç‹—å‡ºè¡Œï¼Œå“ç‚«å¦ˆå‘³é“ï¼ˆå’¸å’¸ç²½ï¼‰ï¼ˆå’¸å’¸ç²½ï¼‰,æµ™æ±Ÿ,2024-11-29 01:23
9293619068,ä¼Šåœ°çŸ¥è™¹å¤,https://gss0.bdstatic.com/6LZ1dD3d1sgCo2Kml5_Y_D3/sys/portrait/item/tb.1.b900dc0a.GqNgDbxszYRSJRVNANxI9Q?t=1667204466,                    è¿™åº”è¯¥æ˜¯rngçš„å¹¿å‘Šå§ weiçš„ç›´æ’­åˆåŒè¿˜åœ¨rng,ç¦å»º,2024-11-29 01:25
9293619068,ç»«å°è·¯çˆ±ä¸½ä¸,https://gss0.bdstatic.com/6LZ1dD3d1sgCo2Kml5_Y_D3/sys/portrait/item/tb.1.8faeaf25.dCFVSwVohufIq8s4pGlFuQ?t=1699932795,                    è¿™åªæ˜¯rngçš„å¹¿å‘Šè€Œå·²,æ²³åŒ—,2024-11-29 01:32
9293619068,GKXNHD,https://gss0.bdstatic.com/6LZ1dD3d1sgCo2Kml5_Y_D3/sys/portrait/item/tb.1.95303393.0_cw-8lxp90JEDg8MmLwWA?t=1732425585,                    æ¥ä¸¤å¥é›¨æ¶µç‚«ç‹—å°±çœŸç ´é˜²äº†,ç”˜è‚ƒ,2024-11-29 01:38
9293619068,æœªçŸ¥ä½œè€…,æ— å¤´åƒ,,åœ°å€ä¿¡æ¯ç¼ºå¤±,æ—¶é—´ä¿¡æ¯ç¼ºå¤±
9293619068,ç©godçš„,https://gss0.bdstatic.com/6LZ1dD3d1sgCo2Kml5_Y_D3/sys/portrait/item/tb.1.aa4d30ff.15J3RggxUqbmeT6ZG9HOaw?t=1425610349,                    é€‰è´­ä¸ºå•¥é‚£æ®µæ—¶é—´å¤©å¤©éª‚weiæ¥ç€ï¼Œæˆ‘è®°å¾—è¿™ä¸¤ä¸ªæ— å†¤æ— ä»‡,æ±Ÿè¥¿,2024-11-29 01:50
9293619068,ç‹ä¼é¹…ğŸ˜™,https://gss0.bdstatic.com/6LZ1dD3d1sgCo2Kml5_Y_D3/sys/portrait/item/tb.1.f75e7fc0.nus2wX-ET8A_VTuFtp_YgA?t=1727366955,                    ä½ è¯´è¿™ç‚«ğŸ¶ä¹Ÿå—ä¸äº†å®¶äººè¢«æ”»å‡»é‚£ä»–å’‹å°±èƒ½å¿ƒå®‰ç†å¾—æ”»å‡»é™Œç”Ÿäººçš„å®¶äººå‘¢,è¾½å®,2024-11-29 01:50
9293619068,è·ç¨»å†°,https://gss0.bdstatic.com/6LZ1dD3d1sgCo2Kml5_Y_D3/sys/portrait/item/tb.1.1c441a56.ATDKVqOG8QkJaJ8rYfTYfw,                    ï¼Ÿ,æ–°ç–†,2024-11-29 01:51
9293619068,Argoã€‚,https://gss0.bdstatic.com/6LZ1dD3d1sgCo2Kml5_Y_D3/sys/portrait/item/tb.1.7b76dceb.xdKeuQKmjpQdhYEOk3sMFw?t=1662251364,                    æ±¤åœ†ä»Šå¤©ç›´æ’­ä¹Ÿæœ‰ï¼Œrngçš„å¹¿å‘Š,æµ™æ±Ÿ,2024-11-29 01:54
9293619068,é‡çŒªå…¬ä¸»å¡æ–¯ç‰¹,https://gss0.bdstatic.com/6LZ1dD3d1sgCo2Kml5_Y_D3/sys/portrait/item/tb.1.4a09d07f.6dd068Q3_CWiApHCYoEGcQ?t=1723283764,                    åªèƒ½è¯´MSIåŒå† jugä¸æ˜¯åƒç´ çš„,è´µå·,2024-11-29 01:56
9293619068,é©¬æ¡¶ä¸Šå•æ–­äººè´¨,https://gss0.bdstatic.com/6LZ1dD3d1sgCo2Kml5_Y_D3/sys/portrait/item/tb.1.22f3f446.z1KY4Pcd_ofFUNAvjPHFww?t=1732646017,                    weiä¹Ÿä¸­ç‰›é€¼ï¼Œèµ¶èµ°xunï¼Œç”©æ‰å·®ç‚¹16å¼ºçš„é”…ï¼Œå¸¦ç€çš‡å†›å…¥é©»blg,æµ™æ±Ÿ,2024-11-29 02:37
9293619068,æœªçŸ¥ä½œè€…,æ— å¤´åƒ,,åœ°å€ä¿¡æ¯ç¼ºå¤±,æ—¶é—´ä¿¡æ¯ç¼ºå¤±
9293619068,å¹´ä»£ï¼ˆæ·±æƒ…çˆ±å›½ç‰ˆï¼‰,https://gss0.bdstatic.com/6LZ1dD3d1sgCo2Kml5_Y_D3/sys/portrait/item/tb.1.3205218e.wcZWpJTdyrZy2GP17Funzw?t=1732820209,                    ç‚«ç‹—æ€ä¹ˆæŠŠæˆ‘æ‹‰é»‘äº†ï¼Ÿ,æ±Ÿè‹,2024-11-29 02:45
9293619068,Kikumo,https://gss0.bdstatic.com/6LZ1dD3d1sgCo2Kml5_Y_D3/sys/portrait/item/tb.1.e87932cd.F2wMpuo_pTWelyfR0PM36w?t=1691550781,                    è‡ªè®¤ä¸ºç´ è´¨ä¸é«˜ã€‚ä½†æ˜¯ç‚¹è¿›é€‰è´­ç›´æ’­é—´ã€‚è¿™ä¸ªæ¯”çš„è„è¯çœŸæ˜¯å¬çš„æˆ‘ç”Ÿç†ä¸é€‚,å±±è¥¿,2024-11-29 03:10
9293619068,å¤©å¸å¶å‡¡âˆ,https://gss0.bdstatic.com/6LZ1dD3d1sgCo2Kml5_Y_D3/sys/portrait/item/tb.1.9d420cb7.D5i7JGyKqkauA97Tp8Uu8w?t=1728899256,                    å“ˆå“ˆ,é»‘é¾™æ±Ÿ,2024-11-29 04:05
9293619068,å°±çˆ±æ‘†çƒ‚å–µ,https://gss0.bdstatic.com/6LZ1dD3d1sgCo2Kml5_Y_D3/sys/portrait/item/tb.1.eb30e0f1.HSeGjPHk2TIrh1dVbTXEAw?t=1726143664,                    ä¸½äº‘éš¾é¡¶äº†,å¹¿ä¸œ,2024-11-29 04:21
9293619068,çŸ³å·æ¾ª_Offici,https://gss0.bdstatic.com/6LZ1dD3d1sgCo2Kml5_Y_D3/sys/portrait/item/tb.1.c1fc80cf.SAUqm2mUvdxxO6moSDeeqQ?t=1732478153,                    æœ€å¯æ€•çš„æ˜¯ç‚«ç‹—éœ²è¡€æ¡äº†ï¼Œä»¥å‰å¤§å®¶ä»¥ä¸ºä»–éšä¾¿éª‚ï¼Œä¸ä¼šç ´é˜²ï¼Œæ‰€ä»¥æ”»å‡»éƒ½æ˜¯æ¼«æ— ç›®çš„çš„ã€‚ç°åœ¨è¡€æ¡éœ²äº†ï¼Œå¤§å®¶éƒ½å¾€è¿™ä¸ªå£å­å†²åˆºäº†ï¼Œè¿™ç‚«ç‹—ç›´æ’­è¿™ä¹ˆå¤šå¹´æ²¡æœ‰åº•å±‚é€»è¾‘å•Šã€‚æœ€åï¼Œå¤§å®¶èƒ½å—‘æ¢“é¾™ä¹ˆï¼ˆæ±¤åœ†ï¼‰,é»‘é¾™æ±Ÿ,2024-11-29 04:32
9293619068,96LINEğŸ‘¿,https://gss0.bdstatic.com/6LZ1dD3d1sgCo2Kml5_Y_D3/sys/portrait/item/tb.1.916a984._l6O_wLDlNkCXPhFNEzjqA?t=1731230404,                    è¿™ä¹ˆè¯´çš„è¯ï¼Œæœ‰æ²¡æœ‰é‚£ç§å¤§ä¸»æ’­ï¼Œè‚†æ— å¿Œæƒ®æ”»å‡»åˆ«äººå®¶äººï¼Œè‡ªå·±å®¶äººè¢«äººæ”»å‡»æ¯«ä¸åœ¨æ„ä¸æ‹‰é»‘çš„ç¥äººä¸»æ’­ï¼Ÿæˆ‘ä¹‹å‰ä»¥ä¸ºç‚«ğŸ¶æ˜¯è¿™ç§ï¼Œç»“æœè¿˜æ˜¯äº®è¡€æ¡ç ´é˜²äº†ã€‚,æ¹–åŒ—,2024-11-29 04:36
9293619068,æœªçŸ¥ä½œè€…,æ— å¤´åƒ,,åœ°å€ä¿¡æ¯ç¼ºå¤±,æ—¶é—´ä¿¡æ¯ç¼ºå¤±
9293619068,è½æœˆæ‘‡æƒ…èŠ±è§é…’,https://gss0.bdstatic.com/6LZ1dD3d1sgCo2Kml5_Y_D3/sys/portrait/item/tb.1.edcd622a.jwr2gPUu565jGSM2Yo8-6A?t=1601019661,                    å“¦è€¶ï¼Œä¸½äº‘éš¾é¡¶äº†,æµ™æ±Ÿ,2024-11-29 05:46
9293619068,é¾™å”ä¸éª—äºº,https://gss0.bdstatic.com/6LZ1dD3d1sgCo2Kml5_Y_D3/sys/portrait/item/tb.1.dff61079.VJ_NWod57PPIuUMwABvglg?t=1732029060,                    åƒå®Œå·é¥¼åš¼åš¼å£é¦™ç³–ï¼Œå·´é€‚,æ±Ÿè‹,2024-11-29 06:31
9293619068,ä½ çš„chic,https://gss0.bdstatic.com/6LZ1dD3d1sgCo2Kml5_Y_D3/sys/portrait/item/tb.1.13804e43.YKO6l4mL8T5zDIYHJzvLQg?t=1535741340,                    å¹²å®Œä¸½äº‘è¯¥å¹²é›¨æ¶µäº†,å¹¿ä¸œ,2024-11-29 06:42
9293619068,å››çš‡ğŸ”¸,https://gss0.bdstatic.com/6LZ1dD3d1sgCo2Kml5_Y_D3/sys/portrait/item/tb.1.c24c6b30.Jh64wKoo0mpmWkrIElpf-w?t=1699364591,                    ,å››å·,2024-11-29 06:51
