articleId,create_at,like_counts,region,content,authorName,authorGender,authorAddress,authorAvatar
5105275768145816,2024-12-01,1,å››å·,æ°ç“œç¾¤[doge]â†’http://t.cn/A6TjmudT,å¶è£´ç‘„,f,æ²³å—,"https://tvax3.sinaimg.cn/crop.0.0.1022.1022.180/48de6912ly8hd8fq0cwp4j20se0sen1f.jpg?KID=imgbed,tva&Expires=1733035832&ssig=QEAHwLekVC"
5105275768145816,2024-11-28,26,å¹¿è¥¿,è¿™ä¹ˆå¹´è½» ä¸€å‘¨åš3æ¬¡å¤ªå°‘äº† æ€ä¹ˆä¹Ÿå¾—åšä¸ƒå…«æ¬¡å§,ä¾ä¾å¦–å¦–é»˜é»˜æŸ¥æŸ¥,m,å¹¿è¥¿ å—å®,"https://tvax4.sinaimg.cn/crop.0.0.1080.1080.180/e4265e17ly8h89fswvknsj20u00u042f.jpg?KID=imgbed,tva&Expires=1733035832&ssig=kfH4l51G3p"
5105275768145816,2024-11-28,14,æ¹–å—,å®è¯   å¥½çš„æ€§ç”Ÿæ´»èƒ½è®©å¥³ç”Ÿçš®è‚¤è¶Šæ¥è¶Šå¥½,easymoneysniperrrr,m,æ¹–å— é•¿æ²™,"https://tvax4.sinaimg.cn/crop.0.0.512.512.180/0068c70Vly8h59iznohqlj30e80e8wfk.jpg?KID=imgbed,tva&Expires=1733035832&ssig=a9p7yA%2FNNV"
5105275768145816,2024-11-28,3,ä¸Šæµ·,æ¯æ¬¡ä¸€å°æ—¶çœ‹ä½ å—å¾—èµ·ï¼ï¼Ÿ,è±†è„‘çš„å¤å¤©,m,ä¸Šæµ· æµ¦ä¸œæ–°åŒº,"https://tvax1.sinaimg.cn/crop.0.0.728.728.180/e75d7ee0ly8hn16c0ya2gj20k80k8jto.jpg?KID=imgbed,tva&Expires=1733035832&ssig=TRFpPqm2VV"
5105275768145816,2024-12-01,1,å¹¿ä¸œ,æ‰3æ¬¡ï¼Œæè¿™å…»ç”Ÿå‘¢ï¼Ÿ[å–µå–µ],å°ä¹™å“¥8341,m,æ±Ÿè‹ å—äº¬,"https://tva4.sinaimg.cn/crop.0.0.640.640.180/bdaeae5bjw8edesngx52cj20hs0hswf8.jpg?KID=imgbed,tva&Expires=1733035832&ssig=gwYspSIKuZ"
5105275768145816,2024-11-30,2,ç¦å»º,ç¾¡æ…•,æ¨æŸ³yum,f,åŒ—äº¬ æµ·æ·€åŒº,"https://tvax1.sinaimg.cn/crop.0.0.1080.1080.180/e32e677dly8gdhsf37kptj20u00u0dhz.jpg?KID=imgbed,tva&Expires=1733035832&ssig=4z22dNbgTq"
5105275768145816,2024-11-30,1,å±±ä¸œ,ç¾¡æ…•äº†,åŸºç«‹è®¯_é»„æ²»å†›,m,ä¸Šæµ·,"https://tvax2.sinaimg.cn/crop.0.0.960.960.180/88662818ly8hw41zo06yej20qo0qoq3f.jpg?KID=imgbed,tva&Expires=1733035832&ssig=UG%2Fm9Ka%2BDL"
5105275768145816,2024-11-29,3,æ²³åŒ—,çœ‹èµ·æ¥ä¸é”™å‘¢,å¥æ˜¯é€—ä½ ç©,m,æ²³åŒ— å”å±±,"https://tvax2.sinaimg.cn/crop.0.0.179.179.180/005OGVtgly8hw2x1huu94j304z04zjrd.jpg?KID=imgbed,tva&Expires=1733035832&ssig=SVjAZAc%2FXN"
5105275768145816,2024-11-27,9,åŒ—äº¬,ä¸€å‘¨è¢«æ»‹æ¶¦ä¸‰æ¬¡ï¼Ÿæ˜¯åœ¨è¯´æŒ‰æ‘©å—ï¼Ÿé‚£ç¡®å®å¯ä»¥è®©çš®è‚¤å˜å¾—æ›´å¥½å“¦~ä¸è¿‡ä¹Ÿè¦æ³¨æ„é€‚åº¦ï¼Œè¿‡åº¦æŒ‰æ‘©å¯èƒ½ä¼šå¯¹çš®è‚¤é€ æˆè´Ÿæ‹…å“¦ï¼,ç¾å¦†å°ç”œè±†,f,å…¶ä»–,"https://tvax1.sinaimg.cn/crop.0.0.513.513.180/008DC31tly8hp0ua97mrmj30e90e974t.jpg?KID=imgbed,tva&Expires=1733035832&ssig=4eOsn1OudI"
5105275768145816,2024-12-01,0,åŒ—äº¬,è‚¥çš„æµæ²¹,è¦å‘è´¢å’¯å“¦,m,åŒ—äº¬,"https://tvax2.sinaimg.cn/crop.0.0.1080.1080.180/d5257bd1ly8gjc4zzxd4mj20u00u0dh9.jpg?KID=imgbed,tva&Expires=1733035832&ssig=6Y1HBUXAzn"
5105275768145816,2024-11-28,2,å››å·,ä¸å¯èƒ½,æˆéƒ½80åè£…ä¿®é˜Ÿ,m,å››å· æˆéƒ½,"https://tva4.sinaimg.cn/crop.0.0.180.180.180/66c0c790jw1e8qgp5bmzyj2050050aa8.jpg?KID=imgbed,tva&Expires=1733035832&ssig=dx4aj%2BmW%2B8"
5105275768145816,2024-11-27,0,æ±Ÿè‹,[é²œèŠ±][åç¬‘],IU-ä¹¦ä»™,m,æ±Ÿè‹ å®¿è¿,"https://tvax2.sinaimg.cn/crop.0.0.996.996.180/00637hfEly8gci8upbey4j30ro0rojsm.jpg?KID=imgbed,tva&Expires=1733035832&ssig=Zn1ZFU0Igm"
5105275768145816,2024-11-29,1,æµ™æ±Ÿ,ä¸€å‘¨ä¸æ¥ä¸ª20æ¬¡,è½¦ä¹å¹³70086,m,å…¶ä»–,"https://tvax1.sinaimg.cn/crop.0.0.996.996.180/006qxcXdly8fjepfx90e7j30ro0rogmv.jpg?KID=imgbed,tva&Expires=1733035832&ssig=jrvYXs2R4D"
5105275768145816,2024-11-28,2,å¹¿ä¸œ,æ‰3æ¬¡ï¼Œæè¿™å…»ç”Ÿå‘¢ï¼Ÿ[å–µå–µ],å¸¦å¸¦å¤§å†…é¬¼a,m,æµ·å¤–,"https://tva3.sinaimg.cn/crop.5.0.432.432.180/89725856jw8f7e39b51swg20ci0c00wf.gif?KID=imgbed,tva&Expires=1733035832&ssig=LHBhLCa2wJ"
5105275768145816,2024-11-30,0,æ±Ÿè‹,å‡ ä¸ªäººï¼Ÿ,å­£å…¬å­6888,m,åŒ—äº¬ ä¸œåŸåŒº,"https://tvax4.sinaimg.cn/crop.0.0.491.491.180/005Lz8uEly8hffbmr9rkoj30dn0dn3z8.jpg?KID=imgbed,tva&Expires=1733035832&ssig=Y2ktwC3huC"
5105389725027706,2024-11-27,17,ç½—ä¼¯ç‰¹,è·ç¦»äº§ç”Ÿç¾ï¼Œä¹Ÿäº§ç”ŸWi-Fiä¿¡å·ä¸å¥½å•Š,è¯„è®ºç½—ä¼¯ç‰¹,f,æµ·å¤–,"https://tvax3.sinaimg.cn/crop.0.0.512.512.180/006i0XtAly8htt0v6r8pjj30e80e874t.jpg?KID=imgbed,tva&Expires=1733035834&ssig=60pP0cnt5%2F"
5105389725027706,2024-12-01,1,å¹¿ä¸œ,ç»“æŸäº†ä¹ˆ,å°ä¹™å“¥8341,m,æ±Ÿè‹ å—äº¬,"https://tva4.sinaimg.cn/crop.0.0.640.640.180/bdaeae5bjw8edesngx52cj20hs0hswf8.jpg?KID=imgbed,tva&Expires=1733035834&ssig=OVkLkeQN8a"
5105389725027706,2024-11-29,3,æ±Ÿè¥¿,å¯ä»¥,HYPNG__,f,ç¦å»º ç¦å·,"https://tvax2.sinaimg.cn/crop.0.0.600.600.180/9df1be72ly8hja504lb6pj20go0go0u0.jpg?KID=imgbed,tva&Expires=1733035834&ssig=jTkdUCr6B3"
5105389725027706,2024-11-28,2,å±±è¥¿,æ²¡åšåˆ°ä½,yu-xing-fang,f,æ¹–åŒ—,"https://tvax2.sinaimg.cn/crop.0.0.1080.1080.180/005SyaEsly8h4g0jylts2j30u00u0wgg.jpg?KID=imgbed,tva&Expires=1733035834&ssig=o%2FRUW8yBZR"
5105389725027706,2024-11-30,0,å››å·,@H1eieseOo_ è¿™ä»–å¦ˆå•¥ä¸œè¥¿,æˆ‘å’ªç¾²æ‰¿,f,å…¶ä»–,"https://tvax4.sinaimg.cn/crop.0.0.512.512.180/008D3nEfly8hvy4s9t4nlj30e80e83yq.jpg?KID=imgbed,tva&Expires=1733035834&ssig=bgb3I0g5Gg"
5105389725027706,2024-11-30,1,å¹¿ä¸œ,ç»™äº†ä¹ˆ,å®‰å®‰-Candice,f,å†…è’™å¤ é„‚å°”å¤šæ–¯,"https://tvax3.sinaimg.cn/crop.0.0.828.828.180/7027ae65ly8hw4gngbfukj20n00n0ab1.jpg?KID=imgbed,tva&Expires=1733035834&ssig=unuY4oKInI"
5105389725027706,2024-11-30,2,ç¦å»º,å¯ä»¥ç†è§£,æ¨æŸ³yum,f,åŒ—äº¬ æµ·æ·€åŒº,"https://tvax1.sinaimg.cn/crop.0.0.1080.1080.180/e32e677dly8gdhsf37kptj20u00u0dhz.jpg?KID=imgbed,tva&Expires=1733035834&ssig=veDOx1yjXq"
5105389725027706,2024-11-30,2,å®‰å¾½,é¡¾åæ€ä¹‰,é›¨æœ--o,m,ç¦å»º ç¦å·,"https://tva1.sinaimg.cn/crop.0.0.1241.1241.180/be63699cjw8f9m9bemql7j20yi0yhmzg.jpg?KID=imgbed,tva&Expires=1733035834&ssig=%2B%2F%2FVWS%2FPb5"
5105389725027706,2024-11-30,2,æ¹–å—,ä½ çœŸçš„æ‡‚æˆ‘,Lwl3794423,m,ç”˜è‚ƒ å…°å·,"https://tvax1.sinaimg.cn/crop.0.0.959.959.180/94b39261ly8hw5423pmexj20qn0qntbi.jpg?KID=imgbed,tva&Expires=1733035834&ssig=pMIXQhwm0a"
5105389725027706,2024-11-28,2,æ²³åŒ—,ç»“æŸäº†ä¹ˆ,å¯’å¡˜æ¸¡é¹¤å½±c,m,é»‘é¾™æ±Ÿ,"https://tvax4.sinaimg.cn/crop.0.0.1024.1024.180/838f7901ly8hw558xs9iuj20sg0sg403.jpg?KID=imgbed,tva&Expires=1733035834&ssig=YCu%2B5WiqCh"
5105389725027706,2024-11-30,0,å±±ä¸œ,[æ‰“call][æ‰“call],ä¹–å™œå™œ520,f,è´µå· è´µé˜³,"https://tva4.sinaimg.cn/crop.0.0.180.180.180/83e2ce42jw1e8qgp5bmzyj2050050aa8.jpg?KID=imgbed,tva&Expires=1733035834&ssig=WUoPhL72Nt"
5101948115878427,2024-11-18,2760,åŒ—äº¬,åº“å­˜ç…§ç‰‡[ä½œæ–],é›·å†›,m,åŒ—äº¬ æµ·æ·€åŒº,"https://tvax4.sinaimg.cn/crop.0.0.1080.1080.180/001Un9Srly8hrwgkkyzdxj60u00u0q7c02.jpg?KID=imgbed,tva&Expires=1733035837&ssig=3gJTjF3s8b"
5101948115878427,2024-11-18,526,æ²³å—,æ—©ä¸Šå¥½ é›·æ€»,åˆ˜æ–‡åˆ€Plus,m,æ²³å—,"https://tvax3.sinaimg.cn/crop.0.0.1080.1080.180/ebf066cbly8hrt34m4viwj20u00u0t9s.jpg?KID=imgbed,tva&Expires=1733035837&ssig=EjuEMJZr1O"
5101948115878427,2024-11-18,264,å¹¿ä¸œ,é›·å‚æ—©,é’§æ³½å ‚,m,å…¶ä»–,"https://tvax3.sinaimg.cn/crop.0.0.1080.1080.180/007hFAMvly8htxhdq0u76j30u00u0gq3.jpg?KID=imgbed,tva&Expires=1733035837&ssig=if60OJ6ZhL"
5101948115878427,2024-11-18,190,æ±Ÿè‹,é›·æ€»èµ·å¾—çœŸæ—©å•Š[ä¸¾æ‰‹],joejoejiaä¹”ä¹”ä½³,f,å…¶ä»–,"https://tvax4.sinaimg.cn/crop.0.0.960.960.180/0075Eh3Mly8heg3kd1lfbj30qo0qojtb.jpg?KID=imgbed,tva&Expires=1733035837&ssig=IPPiqRyjgZ"
5101948115878427,2024-11-18,127,å¹¿è¥¿,æ—©ï¼Œç°åœ¨å‡ºé—¨ï¼,çŸ³å­å¤šå“,m,å¹¿è¥¿,"https://tvax4.sinaimg.cn/crop.0.0.750.750.180/97759926ly8fgn8dhr7iuj20ku0kuwf4.jpg?KID=imgbed,tva&Expires=1733035837&ssig=0Bvk9%2BG1p5"
5101948115878427,2024-11-18,26,å±±ä¸œ,æ—©[å¿ƒ],é›·æ€»å°å¯æ„›,f,å…¶ä»–,"https://tvax4.sinaimg.cn/crop.0.0.664.664.180/006zohzNly8gtpm1gvys7j30ig0igaam.jpg?KID=imgbed,tva&Expires=1733035837&ssig=RyRaYXYWVE"
5101948115878427,2024-11-18,45,å¹¿ä¸œ,æ—©å•Šé›·å‚é•¿,è§å¼ºå¤§çˆ·,m,å¹¿ä¸œ,"https://tvax4.sinaimg.cn/crop.0.0.1080.1080.180/7f3b1d98ly8hmduz4ol3vj20u00u076p.jpg?KID=imgbed,tva&Expires=1733035837&ssig=EtjiiYrIri"
5101948115878427,2024-11-18,11,å±±ä¸œ,å¸…æ˜‚[å“‡],ç§‘æŠ€è‰¾ç‘å…‹,m,ä¸Šæµ·,"https://tvax2.sinaimg.cn/crop.0.0.1080.1080.180/6e11e859ly8hqfxzci994j20u00u0n0d.jpg?KID=imgbed,tva&Expires=1733035837&ssig=bDGc8f8zNZ"
5101948115878427,2024-11-18,364,å¹¿ä¸œ,é›·æ€»ï¼Œå•¥æ—¶å€™å‡ºå«ç”Ÿå·¾[doge],äºŒç™½å…ˆç”Ÿa,m,å¹¿ä¸œ æ·±åœ³,"https://tvax2.sinaimg.cn/crop.0.0.1002.1002.180/8b892373ly8g491xlef2bj20ru0ru74t.jpg?KID=imgbed,tva&Expires=1733035837&ssig=inDEiwXT76"
5101948115878427,2024-11-18,45,ä¸Šæµ·,é›·å‚é•¿åº”è¯¥çŸ¥é“è‡ªå·±å¾ˆå¸…[doge]è¿™æˆ‘å°±æ”¾å¿ƒå•¦[ä¸¾æ‰‹],éƒ‘æ˜¯é™›ä¸‹-,f,ä¸Šæµ· æ™®é™€åŒº,"https://tvax2.sinaimg.cn/crop.0.0.1080.1080.180/006bb9M5ly8hup957geubj30u00u0wg5.jpg?KID=imgbed,tva&Expires=1733035837&ssig=oQumq5hAAQ"
5101948115878427,2024-11-18,20,ç¦å»º,æ—©å•Šé›·æ€»[doge],æ­£ç»çš„é˜¿B,m,å…¶ä»–,"https://tvax1.sinaimg.cn/crop.0.0.1080.1080.180/007swFLnly8hq4hxw2xiuj30u00u0adw.jpg?KID=imgbed,tva&Expires=1733035837&ssig=%2FM4YIFZBle"
5101948115878427,2024-11-18,49,å¹¿ä¸œ,æ—©ä¸Šå¥½ http://t.cn/A6ngbsd5,å—_è€,m,å¹¿è¥¿ å—å®,"https://tvax3.sinaimg.cn/crop.0.0.751.751.180/0071w2bply8gjnbmo0s39j30kv0kvab9.jpg?KID=imgbed,tva&Expires=1733035837&ssig=NCljnn%2FFVn"
5101948115878427,2024-11-18,10,åŒ—äº¬,é›·å‚é•¿æ—©[é€èŠ±èŠ±],ç¥å¾—å¼ºSteven,m,åŒ—äº¬,"https://tvax2.sinaimg.cn/crop.0.0.1080.1080.180/001r1n2Bly8hty1kc82l8j60u00u0dhv02.jpg?KID=imgbed,tva&Expires=1733035837&ssig=nV2x91lRj6"
5101948115878427,2024-11-18,8,å®‰å¾½,å¤ªå¸…äº†[è‹¦æ¶©][è‹¦æ¶©][è‹¦æ¶©][è‹¦æ¶©][è‹¦æ¶©],å¤§å¦–å¦–,f,å®‰å¾½,"https://tvax2.sinaimg.cn/crop.0.0.827.827.180/006HeyQ9ly8hfdwchyfqmj30mz0mzta6.jpg?KID=imgbed,tva&Expires=1733035837&ssig=ezj0InjpVU"
5101948115878427,2024-11-18,10,ä¸Šæµ·,å“‡~å¥½æ—©ï¼Œä»Šå¤©æ˜¯æˆ‘ç”Ÿæ—¥ï¼Œæ±‚ç¥ç¦å¯ä»¥å—[ç¾å—’å—’][å¯çˆ±],granadilla,f,ä¸Šæµ·,"https://tvax4.sinaimg.cn/crop.0.0.1080.1080.180/687d7149ly8hmdyvn1qjmj20u00u0q4x.jpg?KID=imgbed,tva&Expires=1733035837&ssig=i4iADvnWFm"
5101948115878427,2024-11-18,6,å››å·,é›·å‚é•¿ï¼Œèµ·åºŠäº†è¿˜æ˜¯ä¸€å¤œæ²¡ç¡å•Šï¼Ÿ[é»‘çº¿],è‰ºæ¢“ä¸æ½¼,m,å…¶ä»–,"https://tvax4.sinaimg.cn/crop.0.0.512.512.180/bbff9197ly8hb2azy0oahj20e80e83zo.jpg?KID=imgbed,tva&Expires=1733035837&ssig=2DGPmwOCIW"
5101948115878427,2024-11-18,7,æ±Ÿè‹,æ—©ï¼[å¿ƒ]é›·ç²‰å‘é›·å‚é•¿é—®å¥½ï¼å‘¨ä¸€å¾ˆå¿™ï¼Œä¸èŠäº†[ç¬‘cry][ç¬‘cry],è¿½å¯»æ¢¦æƒ³å’Œçƒ­çˆ±,f,å…¶ä»–,"https://tvax1.sinaimg.cn/crop.0.0.1080.1080.180/c1504cc6ly8hou0d5w786j20u00u0acq.jpg?KID=imgbed,tva&Expires=1733035837&ssig=r0HYelQQcK"
5101948115878427,2024-11-18,7,åŒ—äº¬,èµ·å¾—æ—©å¯ä»¥ï¼Œèƒ½æŠ½æ—¶é—´è§£å†³ä¸€ä¸‹çº¢ç±³note10proè™šç„Šçš„é—®é¢˜å—ï¼Ÿæ‰‹æœºçªç„¶å°±å¡æ­»æ— é™é‡å¯ã€‚ã€‚ã€‚ä¸€è·¯å‰è¡Œï¼Œè¯·å‹¿å¿˜åˆå¿ƒ[å…æ‚²]@å°ç±³æœåŠ¡ @å¢ä¼Ÿå†° @é›·å†›,é‚£äº›é—å¿˜çš„æ—¥å­,m,æ²³åŒ—,"https://tva1.sinaimg.cn/crop.0.0.180.180.180/7008891djw1e8qgp5bmzyj2050050aa8.jpg?KID=imgbed,tva&Expires=1733035837&ssig=960%2FhDbSnj"
5101948115878427,2024-11-18,5,ä¸Šæµ·,é›·å‚é•¿ï¾‰â˜€ï¼ŒSUVå¿«äº†å—,å…«æˆ’å–œæ¬¢åƒè¥¿ç“œ,m,å››å· ç»µé˜³,"https://tvax1.sinaimg.cn/crop.0.0.1080.1080.180/3f936f7fly8hkt3bwyhknj20u00u0wjv.jpg?KID=imgbed,tva&Expires=1733035837&ssig=NAtX3USwbl"
5101948115878427,2024-11-18,8,å¤©æ´¥,æ—©ï¼Œé›·å‚é•¿ï¼Œæ˜¯æ‚¨æŠŠå«å­æ”¶èµ·æ¥åˆåé‚£æ‹çš„å—[å¤ªå¼€å¿ƒ],é¢‚ç±³ä¸€æœµå°çº¢èŠ±,f,å¤©æ´¥,"https://tvax1.sinaimg.cn/crop.0.0.1058.1058.180/b56539ddly8hpbpdhv50jj20te0te75o.jpg?KID=imgbed,tva&Expires=1733035837&ssig=awAUpnOMhB"
5106088976324310,2024-11-29,2857,å±±ä¸œ,ä¸­å›½äººç”¨ä¸­å›½æ£‰èŠ±#æˆ‘æ”¯æŒæ–°ç–†æ£‰èŠ±# ,äºè±¡,m,åŒ—äº¬ æœé˜³åŒº,"https://tvax3.sinaimg.cn/crop.0.0.921.921.180/636dd903ly8hagua2hn8gj20pl0plwfh.jpg?KID=imgbed,tva&Expires=1733035840&ssig=phS4AqryOX"
5106088976324310,2024-11-29,932,åŒ—äº¬,#æ–°ç–†æ£‰æ˜¯ä¸–ç•Œæœ€å¥½æ£‰èŠ±ä¹‹ä¸€# #æˆ‘æ”¯æŒæ–°ç–†æ£‰èŠ±#ä½ å¯ä»¥ä¸ç”¨ æˆ‘å¯ä»¥ä¸ä¹°  ,ç¨‹æ«,m,åŒ—äº¬,"https://tvax4.sinaimg.cn/crop.0.0.427.427.180/493efa1fly8h3b282qbvfj20bv0bvwet.jpg?KID=imgbed,tva&Expires=1733035840&ssig=ITmla%2B34MI"
5106088976324310,2024-11-29,2049,å±±ä¸œ,æˆ‘æ”¯æŒæ–°ç–†æ£‰ï¼,Â·å…»ä¹å¤šå¤§äººÂ·,f,å±±ä¸œ,"https://tvax3.sinaimg.cn/crop.0.0.828.828.180/0082hXvRly8hvmmg5bpjwj30n00n00u8.jpg?KID=imgbed,tva&Expires=1733035840&ssig=myQ4AWPXAl"
5106088976324310,2024-11-30,158,åŒ—äº¬,ä»¥è¡ŒåŠ¨æ”¯æŒ[å¿ƒ] #æˆ‘æ”¯æŒæ–°ç–†æ£‰èŠ±# #çº¯ç™½æ— ç‘•çš„æ–°ç–†æ£‰èŠ±ä¸å®¹æŠ¹é»‘ç·æ±¡# ,æœ±é”JolieJolie,f,åŒ—äº¬,"https://tvax4.sinaimg.cn/crop.0.0.512.512.180/4dbb6958ly8grvzzlw5l5j20e80e8q32.jpg?KID=imgbed,tva&Expires=1733035840&ssig=K8Z2vE5Urj"
5106088976324310,2024-11-29,1262,æ±Ÿè¥¿,æˆ‘æ”¯æŒæ–°ç–†æ£‰ï¼Œæ–°ç–†æ£‰æ˜¯ä¸–ç•Œä¸Šæœ€å¥½çš„æ£‰èŠ±ä¹‹ä¸€ï¼,Zysçš„å±±æ¥‚æœ0505,m,å…¶ä»–,"https://tvax4.sinaimg.cn/crop.0.0.1080.1080.180/007vyljBly8hu3dclzbm1j30u00u0gq5.jpg?KID=imgbed,tva&Expires=1733035840&ssig=DNzq%2FDfcWn"
5106088976324310,2024-11-29,1006,å±±ä¸œ,æ”¯æŒæ–°ç–†æ£‰èŠ±,85å·æ— æ„Ÿé€‰æ‰‹,f,å±±ä¸œ æµå—,"https://tvax4.sinaimg.cn/crop.0.0.844.844.180/c2b65b2bly1hqaw37e924j20ng0ngjsr.jpg?KID=imgbed,tva&Expires=1733035840&ssig=XKemmIeQkb"
5106088976324310,2024-11-29,645,å®‰å¾½,æˆ‘æ”¯æŒæ–°ç–†æ£‰ï¼Œæ–°ç–†æ£‰æ˜¯ä¸–ç•Œä¸Šæœ€å¥½çš„æ£‰èŠ±ä¹‹ä¸€ï¼,é«˜å†·éŸµè¯­-YiBo,f,å…¶ä»–,"https://tvax2.sinaimg.cn/crop.0.0.1020.1020.180/008mgO2Gly8hjr0t5u7wpj30sc0scaep.jpg?KID=imgbed,tva&Expires=1733035840&ssig=kHNUDfsTmk"
5106088976324310,2024-11-29,383,å±±ä¸œ,æˆ‘æ”¯æŒæ–°ç–†æ£‰èŠ±ï¼ï¼ï¼#çº¯ç™½æ— ç‘•çš„æ–°ç–†æ£‰èŠ±ä¸å®¹æŠ¹é»‘ç·æ±¡#,çˆ±åƒèŠ«è½å¤šæ”¾è¾£,f,å±±ä¸œ,"https://tvax1.sinaimg.cn/crop.0.0.1080.1080.180/0075u8oOly8hqeuduy1upj30u00u0gqk.jpg?KID=imgbed,tva&Expires=1733035840&ssig=IsYJnArrZh"
5106088976324310,2024-11-29,375,ä¸Šæµ·,ä¸­å›½æ–°ç–†åœ°åŒºçš„æ£‰èŠ±æ˜¯ä¸–ç•Œä¸Šæœ€å¥½çš„æ£‰èŠ±ä¹‹ä¸€[é€èŠ±èŠ±][é€èŠ±èŠ±][é€èŠ±èŠ±],ä¸ƒæœˆçš„è‹¥å†°,f,ä¸Šæµ· å®å±±åŒº,"https://tvax4.sinaimg.cn/crop.0.0.512.512.180/9e1c9d9bly8hdleayhww4j20e80e83zf.jpg?KID=imgbed,tva&Expires=1733035840&ssig=wNxuQt3HXP"
5106088976324310,2024-11-29,306,æ¹–åŒ—,æ”¯æŒä¸­å›½æ–°ç–†æ£‰èŠ±[æ‹³å¤´],å…«åäº”æ—¥æ™´,f,æ¹–åŒ— æ­¦æ±‰,"https://tvax3.sinaimg.cn/crop.0.0.996.996.180/6b5fbdealy8grr47irlgfj20ro0rogn9.jpg?KID=imgbed,tva&Expires=1733035840&ssig=tjPKRAOQ26"
5106088976324310,2024-11-29,249,å®‰å¾½,æˆ‘æ”¯æŒæ–°ç–†æ£‰ï¼ï¼ï¼,æˆ‘åšå“¥æœ€æ‹½,f,å…¶ä»–,"https://tvax1.sinaimg.cn/crop.0.0.886.886.180/005MLmiRly8hpk8acq1yzj30om0ommy4.jpg?KID=imgbed,tva&Expires=1733035840&ssig=p1ShkAUabf"
5106088976324310,2024-11-29,181,æ±Ÿè¥¿,æˆ‘æ”¯æŒæ–°ç–†æ£‰ï¼Œæ–°ç–†æ£‰æ˜¯ä¸–ç•Œä¸Šæœ€å¥½çš„æ£‰èŠ±ä¹‹ä¸€ï¼,ä¸€å±±çš„å°å±±æ¥‚æ ‘1314,f,å…¶ä»–,"https://tvax2.sinaimg.cn/crop.0.0.1080.1080.180/006A6TS6ly8hkc0xqatclj30u00u0goh.jpg?KID=imgbed,tva&Expires=1733035840&ssig=4FFHM83pcw"
5106088976324310,2024-11-29,158,æ±Ÿè¥¿,æˆ‘æ”¯æŒæ–°ç–†æ£‰ï¼Œæ–°ç–†æ£‰æ˜¯ä¸–ç•Œä¸Šæœ€å¥½çš„æ£‰èŠ±ä¹‹ä¸€ï¼,å…ƒæ°”æ»¡æ»¡å°è”æ,m,å…¶ä»–,"https://tvax2.sinaimg.cn/crop.0.0.1080.1080.180/008lj8Aely8hu3c2mgdcuj30u00u0wgh.jpg?KID=imgbed,tva&Expires=1733035840&ssig=SuJd1cIY%2Bv"
5106088976324310,2024-11-30,236,å¹¿è¥¿,é‚£å«ç”Ÿå·¾ä¸ºä»€ä¹ˆä¸èƒ½ç”¨å¥½ä¸€ç‚¹çš„æ£‰èŠ±[ç–‘é—®],AirençŠ¹åœ¨é•œä¸­,f,å…¶ä»–,"https://tvax2.sinaimg.cn/crop.0.0.1080.1080.180/008ueeeDly8hvnfj13s4nj30u00u0aca.jpg?KID=imgbed,tva&Expires=1733035840&ssig=q4fIFp2hUS"
5106088976324310,2024-11-29,116,å±±ä¸œ,æˆ‘æ”¯æŒæ–°ç–†æ£‰èŠ±,-TRACER-ç¬,f,å±±ä¸œ,"https://tvax3.sinaimg.cn/crop.0.0.914.914.180/ea0bdf60ly8huaqjlc3o6j20pe0peq5d.jpg?KID=imgbed,tva&Expires=1733035840&ssig=3DjdFui1Zy"
5106088976324310,2024-11-29,57,æ±Ÿè¥¿,æˆ‘æ”¯æŒæ–°ç–†æ£‰ï¼Œæ–°ç–†æ£‰æ˜¯ä¸–ç•Œä¸Šæœ€å¥½çš„æ£‰èŠ±ä¹‹ä¸€ï¼,2024å¹´çš„å°é”¦é²¤å•Š,f,å…¶ä»–,"https://tvax4.sinaimg.cn/crop.0.0.1024.1024.180/008fFEkNly8hu3d621l6rj30sg0sgn0e.jpg?KID=imgbed,tva&Expires=1733035840&ssig=4ytZ4DGHUW"
5106088976324310,2024-11-29,68,åŒ—äº¬,æˆ‘æ”¯æŒæ–°ç–†æ£‰èŠ±,è¥¿å±±è‹æ˜“å–µ,f,åŒ—äº¬,"https://tvax2.sinaimg.cn/crop.0.0.981.981.180/005OFgRply8hw33800eooj30r90r93yy.jpg?KID=imgbed,tva&Expires=1733035840&ssig=jWsFyVJ%2BL8"
5106088976324310,2024-11-29,67,ä¸Šæµ·,æˆ‘æ”¯æŒæ–°ç–†æ£‰èŠ±ï¼,è”šè“çš„é¦™æ°”Â·,f,ä¸Šæµ·,"https://tvax2.sinaimg.cn/crop.0.0.1080.1080.180/6ed9b13cly8hsmgoe4kkkj20u00u0jsh.jpg?KID=imgbed,tva&Expires=1733035840&ssig=QZsAB0URO%2B"
5106088976324310,2024-11-29,44,å¹¿ä¸œ,æˆ‘æ”¯æŒæ–°ç–†æ£‰èŠ±,ä¸€æ•æ·‡ç”›,f,å¹¿ä¸œ,"https://tvax4.sinaimg.cn/crop.0.0.1080.1080.180/ed70774aly8hrxu3clv2xj20u00u0wfa.jpg?KID=imgbed,tva&Expires=1733035840&ssig=qiumd9dmGF"
5106088976324310,2024-11-29,49,æµ™æ±Ÿ,æˆ‘æ”¯æŒæ–°ç–†æ£‰,å¿ƒç³»åšç¥,f,å®‰å¾½,"https://tvax1.sinaimg.cn/crop.0.0.960.960.180/005WP21lly8hupdoqixfxj30qo0qognl.jpg?KID=imgbed,tva&Expires=1733035840&ssig=oRbAUO1CiT"
5105762844542858,2024-11-28,18,æ¾³å¤§åˆ©äºš,å¥½ç¾[é¼“æŒ],wodeå…¬ä¸»æ®¿ä¸‹,f,å¹¿ä¸œ æ·±åœ³,"https://tvax2.sinaimg.cn/crop.0.0.1080.1080.180/0080wN7ngy1hw14tha1xdj30u00u0tbt.jpg?KID=imgbed,tva&Expires=1733035843&ssig=lZ0eOnxat0"
5105762844542858,2024-11-28,2,åŒ—äº¬,é”¦ç»£æ²³å±±ï¼Œå¦‚è¯—å¦‚ç”»ğŸŒ³ğŸ,èŒ‰ç„¶å¿†æ˜Ÿè¾°,f,å…¶ä»–,"https://tvax2.sinaimg.cn/crop.0.0.980.980.180/007T91eMly8hvrimb09vhj30r80r8ta5.jpg?KID=imgbed,tva&Expires=1733035843&ssig=2vySepeRUo"
5105762844542858,2024-11-28,2,æ±Ÿè‹,å¤§ç¾ä¸­å›½ï¼Œè¡Œæ— æ­¢å¢ƒ[å¿ƒ],ä¸€æŒ½è§£æ¸…æ„,m,æ¹–å—,"https://tvax4.sinaimg.cn/crop.0.0.1080.1080.180/006cEZisly8hpw2sha2e2j30u00u0wi4.jpg?KID=imgbed,tva&Expires=1733035843&ssig=%2BUeZZ0lvEN"
5105762844542858,2024-11-28,2,ä¸Šæµ·,ä¸‡é‡Œæ±Ÿå±±ç§€ï¼Œç¥å·å±±æ²³ç¾ï¼[è‰²][é¼“æŒ][good],æ•¬-ç¾-è€—-ç‰,m,ä¸Šæµ·,"https://tvax4.sinaimg.cn/crop.0.0.1002.1002.180/df75d613ly8g7mfaeeha0j20ru0rudlb.jpg?KID=imgbed,tva&Expires=1733035843&ssig=3cZXCUzVYb"
5105762844542858,2024-11-28,1,æ¹–å—,å¥½æ¼‚äº®[å“ˆå“ˆ],æ¨±æ¡ƒå…”å­o_O,m,åŒ—äº¬,"https://tvax3.sinaimg.cn/crop.0.0.1080.1080.180/007X3zdEly8hw4vmhd33xj30u00u0jwc.jpg?KID=imgbed,tva&Expires=1733035843&ssig=vpv9s4QT6S"
5105762844542858,2024-11-28,1,å¹¿ä¸œ,å¥½ç¾[å¿ƒ],çˆ±åƒå°é±¿é±¼çš„æ¬¢æ¬¢å­,f,å¹¿ä¸œ,"https://tvax2.sinaimg.cn/crop.0.0.1080.1080.180/008pTVsply8hhshkaigvvj30u00u178c.jpg?KID=imgbed,tva&Expires=1733035843&ssig=jPE5vRrnzM"
5105762844542858,2024-11-28,1,åŒ—äº¬,å¥½ç¾,åŒ—äº¬é«˜ç”Ÿ,m,åŒ—äº¬ ä¸œåŸåŒº,"https://tvax4.sinaimg.cn/crop.0.0.996.996.180/7162c705ly8gcnre3s38ej20ro0rowg8.jpg?KID=imgbed,tva&Expires=1733035843&ssig=8CfvQbjRO2"
5105762844542858,2024-11-28,3,å‰æ—,ä¸ºä»€ä¹ˆæˆ‘çš„çœ¼é‡Œå¸¸å«æ³ªæ°´ï¼Œå› ä¸ºæˆ‘å¯¹è¿™ç‰‡åœŸåœ°çˆ±å¾—æ·±æ²‰[å¿ƒ][çˆ±ä½ ][é…·],äº”å°è¯´äº‹,f,å…¶ä»–,"https://tvax2.sinaimg.cn/crop.0.0.664.664.180/008u8iTlly8h4d9beiu2ej30ig0igjsx.jpg?KID=imgbed,tva&Expires=1733035843&ssig=x1FJVP1WHw"
5105762844542858,2024-11-28,1,å¹¿ä¸œ,è·Ÿéšå°æ’’è€å¸ˆäº‘æ¸¸ç¥–å›½å±±å±±æ°´æ°´#å±±æ°´é—´çš„å®¶# #æ’’è´å®[è¶…è¯]#,åšå¾·è½½ç‰©TOP,f,å¹¿ä¸œ å¹¿å·,"https://tvax1.sinaimg.cn/crop.0.0.1080.1080.180/9223b378ly8hjc21pt726j20u00u0ju1.jpg?KID=imgbed,tva&Expires=1733035843&ssig=jC5nAZcM9C"
5105762844542858,2024-11-28,1,ç¦å»º,å¤§ç¾ç¥–å›½[å¿ƒ],å‡ºå²«å‡äº‘_z,f,ç¦å»º,"https://tvax2.sinaimg.cn/crop.0.0.996.996.180/88e841ccly8gy8br97oxdj20ro0rojsn.jpg?KID=imgbed,tva&Expires=1733035843&ssig=28LGEa3cXJ"
5105762844542858,2024-11-28,1,ä¸­å›½å°æ¹¾,å¤§ç¾ä¸­å›½[å¿ƒ],å¦¹é†¬çš„åª½å’ªæ˜¯å¶,f,å°æ¹¾,"https://tvax1.sinaimg.cn/crop.0.0.996.996.180/005HYSBlly8h03v3isx4kj30ro0ro0ty.jpg?KID=imgbed,tva&Expires=1733035843&ssig=TAyXkJafZf"
5105762844542858,2024-11-28,1,æ±Ÿè‹,å“‡ï¼Œå¤ªç¾äº†,è®°å¿†æ‹‰é¢ç†Š,f,å…¶ä»–,"https://tvax2.sinaimg.cn/crop.0.0.1080.1080.180/008zoqhQly8hvu91tf22pj30u00u0q4h.jpg?KID=imgbed,tva&Expires=1733035843&ssig=%2Fk5TVApObB"
5105762844542858,2024-11-28,1,æ–°ç–†,å¤©å‘å¥½ç¾[å¼€å­¦å­£],lazylizwantstotry,m,æµ·å¤–,"https://tvax1.sinaimg.cn/crop.0.0.1080.1080.180/0065hCWtly8hvu91tz3m2j30u00u0q4b.jpg?KID=imgbed,tva&Expires=1733035843&ssig=7zyES6isdl"
5105762844542858,2024-11-28,1,é‡åº†,å¥½ç¾å¥½ç¾,å¹¼çŒ«å¸ƒå¶,f,æ±Ÿè¥¿,"https://tvax1.sinaimg.cn/crop.0.0.738.738.180/007TH7GKgy1hw41hh284wj30ki0kiq4k.jpg?KID=imgbed,tva&Expires=1733035843&ssig=gYZBcofbRW"
5105762844542858,2024-11-28,1,ä¸Šæµ·,æˆ‘çƒ­çˆ±çš„è¿™ç‰‡åœŸåœ°å¥½ç¾[å“‡][å“‡][å“‡],æ·±æƒ…çš„Amanda,f,ä¸Šæµ·,"https://tvax4.sinaimg.cn/crop.0.0.1080.1080.180/0071mBb3ly8gzjrlvcsr9j30u00u040u.jpg?KID=imgbed,tva&Expires=1733035843&ssig=hdgapyiV14"
5105762844542858,2024-11-28,2,å¹¿ä¸œ,å¥½ç¾,æçªKaili,f,å¹¿ä¸œ,"https://tvax2.sinaimg.cn/crop.0.0.996.996.180/bd7057f5ly8gj7irvxzw6j20ro0rotcm.jpg?KID=imgbed,tva&Expires=1733035843&ssig=kLGRqLHMlj"
5105762844542858,2024-11-28,1,äº‘å—,å¥½ç¾,Dipoutonme,m,äº‘å— å¤§ç†,"https://tvax3.sinaimg.cn/crop.0.0.1080.1080.180/006HwRgygy1hw3jti07r6j30u00u0tbg.jpg?KID=imgbed,tva&Expires=1733035843&ssig=8MCh8Ma7Ot"
5105762844542858,2024-11-28,1,æ¹–å—,ç¾[å“‡],æ€¡ç„¶_æµ…ç¬‘,f,æ¹–å—,"https://tvax4.sinaimg.cn/crop.0.0.1080.1080.180/006bhXu7ly8hrshy6tymbj30u00u0n0j.jpg?KID=imgbed,tva&Expires=1733035843&ssig=uV2NYZKiQb"
5105762844542858,2024-11-28,1,æµ™æ±Ÿ,ä¼Ÿå¤§ç¥–å›½åœ°å¤§ç‰©åš[good],å…ƒå…ƒå¸Œå­,f,å…¶ä»–,"https://tvax4.sinaimg.cn/crop.0.0.1080.1080.180/0067PvQ0ly8gvywt6s8fkj30u00u0acm.jpg?KID=imgbed,tva&Expires=1733035843&ssig=N7MDM9EidK"
5105762844542858,2024-11-28,1,é™•è¥¿,é£æ™¯ç§€ä¸½ ç¥–å›½å¤§å¥½æ²³å±±[å¿ƒ],å°é±¼è¢«æŠ“å•¦,f,å…¶ä»–,"https://tvax1.sinaimg.cn/crop.0.0.1080.1080.180/007ixsJbly8hvw60yrvfwj30u00u00wd.jpg?KID=imgbed,tva&Expires=1733035843&ssig=6xZtKDT%2Brz"
5104781515292816,2024-11-29,4,ç¦å»º,å¥–åŠ±å¸½å­ä¸€æš,æœ›æœˆçœ‹æµ·,m,æµ™æ±Ÿ æ­å·,"https://tvax2.sinaimg.cn/crop.0.0.960.960.180/9700f951ly8hw4euqpjbmj20qo0qodis.jpg?KID=imgbed,tva&Expires=1733035846&ssig=SW2KGlumk1"
5104781515292816,2024-11-26,4,ä¸­å›½,[doge][doge][doge],_æ±Ÿå‡½å„’,m,æ±Ÿè¥¿ æ™¯å¾·é•‡,"https://tvax3.sinaimg.cn/crop.0.0.1024.1024.180/9b23cf8ely8hvzoc7ort3j20sg0sgn52.jpg?KID=imgbed,tva&Expires=1733035846&ssig=e3fc5PYx1A"
5104781515292816,2024-11-29,1,å¹¿ä¸œ,å—¯,èŒ¶æ¶©äººç”Ÿ2012,f,ä¸Šæµ· æµ¦ä¸œæ–°åŒº,"https://tvax2.sinaimg.cn/crop.0.0.1080.1080.180/a11d9fb4ly8hw4r65o98jj20u00u076z.jpg?KID=imgbed,tva&Expires=1733035846&ssig=2BOuzgWWx0"
5104781515292816,2024-11-28,1,æµ™æ±Ÿ,æˆ‘ä¹Ÿç¾¡æ…•äº†,å…°é™µç‹å‡ºå¾,m,å…¶ä»–,"https://tvax2.sinaimg.cn/crop.0.0.1080.1080.180/008dlLBVly8hulw93vw7pj30u00u1gnb.jpg?KID=imgbed,tva&Expires=1733035846&ssig=bftYL9%2FjhI"
5104781515292816,2024-11-26,4,å¹¿ä¸œ,[è‰²][è‰²][è‰²][è‰²][è‰²],helene99,f,æ±Ÿè‹ å—äº¬,"https://tva1.sinaimg.cn/crop.0.0.200.200.180/7b89a78fjw1ev8qlmnbaxj205k05k3yc.jpg?KID=imgbed,tva&Expires=1733035846&ssig=eEwHYg6TOj"
5104781515292816,2024-11-29,1,æ¹–å—,ä¸‹ç­äº†é©¬ä¸Šå°±å›æ¥[é¦‹å˜´][é¦‹å˜´][é¦‹å˜´][é¦‹å˜´],å‹‡æ•¢çš„å…«æ——ä¼¯çˆµ,m,æ¹–å—,"https://tvax1.sinaimg.cn/default/images/default_avatar_male_180.gif?KID=imgbed,tva&Expires=1733035846&ssig=h3%2BpQJxrvR"
5104781515292816,2024-11-29,0,å¹¿ä¸œ,æƒ³æŒä¸€ä¸‹,æ­»çå­å°å¦–å­½49153,m,å…¶ä»–,"https://tvax1.sinaimg.cn/default/images/default_avatar_male_180.gif?KID=imgbed,tva&Expires=1733035846&ssig=h3%2BpQJxrvR"
5104781515292816,2024-11-28,0,å¹¿è¥¿,çœŸå¿ƒå–œæ¬¢[èˆ”å±],äº•å·æŸ å„¿,m,å…¶ä»–,"https://tvax1.sinaimg.cn/crop.0.0.928.928.180/008F3Uhcly8hs1xudwlv1j30ps0ps3zm.jpg?KID=imgbed,tva&Expires=1733035846&ssig=2BG6rDPUaA"
5104781515292816,2024-11-27,1,å±±ä¸œ,æˆ‘ä¹Ÿç¾¡æ…•,_æ ¸å­ç‚®,m,å±±ä¸œ,"https://tvax4.sinaimg.cn/crop.0.0.512.512.180/007fe9HGly8hmt6lalvkdj30e80e83yp.jpg?KID=imgbed,tva&Expires=1733035846&ssig=ycwEj5CW7s"
5104781515292816,2024-11-26,0,æµ™æ±Ÿ,æƒ³åƒäº†ä½ ,çˆ±ç¬‘çš„äººè¿æ°”ä¸ä¼šå·®çš„å§,m,å…¶ä»–,"https://tvax1.sinaimg.cn/default/images/default_avatar_male_180.gif?KID=imgbed,tva&Expires=1733035846&ssig=h3%2BpQJxrvR"
5104781515292816,2024-11-28,0,å®‰å¾½,å•Š,æˆ¿ä¸œå®¶çš„çŒ«0921,f,è´µå· éµä¹‰,"https://tvax4.sinaimg.cn/crop.0.0.800.800.180/005Tyko8ly8hw26ndshlhj30m80m8jsy.jpg?KID=imgbed,tva&Expires=1733035846&ssig=a9UuGX7kfU"
5104781515292816,2024-11-27,1,å¹¿ä¸œ,æä»€ä¹ˆé£æœºï¼Œè¿˜ç”·æœ‹å‹[ç¬‘cry],ç¥çˆ±åˆ©,m,å…¶ä»–,"https://tvax4.sinaimg.cn/crop.0.0.1080.1080.180/ee304cd7ly8hf1m1ngsqtj20u00u0tb1.jpg?KID=imgbed,tva&Expires=1733035846&ssig=r6xGTMTauO"
5105786734777272,2024-11-29,6,å±±ä¸œ,æ˜¯ä¸ªé»‘é¬¼å§,2023å¤§é“è‡³ç®€2023,m,å…¶ä»–,"https://tvax3.sinaimg.cn/crop.0.0.690.690.180/006Lco02ly8hi97c8kmndj30j60j6aba.jpg?KID=imgbed,tva&Expires=1733035848&ssig=2DldSAVJ5n"
5105786734777272,2024-11-29,2,å¤©æ´¥,è¿™ä¸ªå“ªé‡Œæœ‰,å°å°å°å§å§_vivivi,f,æ¹–å— é‚µé˜³,"https://tvax1.sinaimg.cn/crop.0.0.1080.1080.180/a731d707ly8hw3ci0s72dj20u00u00sn.jpg?KID=imgbed,tva&Expires=1733035848&ssig=kWp0o%2FMgJx"
5105786734777272,2024-11-30,1,æ²³åŒ—,111,æ¼†æ¼†æ®‹æ®‹æˆšæˆš,m,æµ™æ±Ÿ,"https://tvax2.sinaimg.cn/crop.0.0.996.996.180/3e867056ly8fhgemkarmmj20ro0roadz.jpg?KID=imgbed,tva&Expires=1733035848&ssig=tieMSI4vrn"
5105786734777272,2024-11-30,1,å®‰å¾½,ç®€å•çš„å¿«ä¹ã€‚,å¾æ‰€æ„¿,m,å¹¿ä¸œ æ·±åœ³,"https://tvax1.sinaimg.cn/crop.0.0.996.996.180/6f109419ly8g2g3bk1f4hj20ro0roq4t.jpg?KID=imgbed,tva&Expires=1733035848&ssig=ab8FnqLm1m"
5105786734777272,2024-11-30,1,å¹¿ä¸œ,è¿™ä¸ªæŒºå¥½çœ‹çš„[doge],æœ´ä¼Šå¯ä¸¶,f,è¾½å® è¾½é˜³,"https://tva4.sinaimg.cn/crop.0.0.199.199.180/005NnlFftw1ekt8r4hkiqj305k05kjrk.jpg?KID=imgbed,tva&Expires=1733035848&ssig=Ak5RHA0XtE"
5105786734777272,2024-11-30,1,å®‰å¾½,ç®€å•çš„å¿«ä¹ã€‚,é›¨æœ--o,m,ç¦å»º ç¦å·,"https://tva1.sinaimg.cn/crop.0.0.1241.1241.180/be63699cjw8f9m9bemql7j20yi0yhmzg.jpg?KID=imgbed,tva&Expires=1733035848&ssig=YDbmWJf%2FbL"
5105786734777272,2024-11-30,1,é‡åº†,è¿™ä¸ªæŒº,ä¸œéƒŠå¤§é­”ç‹,m,ç¦å»º,"https://tvax3.sinaimg.cn/crop.0.0.500.500.180/005PoUQ5ly8hu0anzv9ymj30dw0dw3zr.jpg?KID=imgbed,tva&Expires=1733035848&ssig=g9lCB8RARk"
5105786734777272,2024-11-30,1,é‡åº†,è¿™ä¸ªæŒºå¥½çœ‹çš„[doge],Chow328,m,å¹¿ä¸œ æ±•å°¾,"https://tva3.sinaimg.cn/crop.0.11.750.750.180/6e5bd213jw8fd5b7at644j20ku0lgta6.jpg?KID=imgbed,tva&Expires=1733035848&ssig=Ajqel0hp9i"
5105786734777272,2024-11-30,2,ç¦å»º,å…³é”®è¯ã€å¤§ä½¬ä»¬æ¨ä¸ªã€,æ°´çµçµçš„å°æµ£ç†Š,f,å¤©æ´¥ å’Œå¹³åŒº,"https://tva4.sinaimg.cn/crop.124.0.355.355.180/005PmiT7jw8eo3br3fgwsj30dc0hsjsd.jpg?KID=imgbed,tva&Expires=1733035848&ssig=%2BT1HVrqHRu"
5105786734777272,2024-11-30,0,æ±Ÿè¥¿,å•¥å‰§,é’çº±é˜,f,å¹¿ä¸œ æ·±åœ³,"https://tvax1.sinaimg.cn/crop.0.0.990.990.180/8e9daa71ly8hw4j9852hjj20ri0rimxj.jpg?KID=imgbed,tva&Expires=1733035848&ssig=PciULkL3Hi"
5105786734777272,2024-11-30,0,å¹¿ä¸œ,æ¶¨è§è¯†äº†,Annnn_PXY,f,å¹¿ä¸œ ä¸­å±±,"https://tva3.sinaimg.cn/crop.0.0.180.180.180/6acb6bfejw1e8qgp5bmzyj2050050aa8.jpg?KID=imgbed,tva&Expires=1733035848&ssig=rusKM5angK"
5105786734777272,2024-11-30,0,æ¹–å—,å·¥å†œå…µçš„éª¨å¤´æ˜¯ç¡¬çš„ã€‚,è°ƒçš®ç†Šå…ˆç”Ÿ,m,ä¸Šæµ· æµ¦ä¸œæ–°åŒº,"https://tvax1.sinaimg.cn/crop.0.0.1328.1328.180/a780a458ly8fecxavnswgj210w10wq62.jpg?KID=imgbed,tva&Expires=1733035848&ssig=qwmfKrxryZ"
5105786734777272,2024-11-30,0,å¹¿ä¸œ,[doge],æ‰§ç¬”è¯ é‡Šå¹´å,m,å¹¿ä¸œ æ·±åœ³,"https://tvax1.sinaimg.cn/crop.0.0.664.664.180/88e4e799ly8gh2xf8zdauj20ig0iggm1.jpg?KID=imgbed,tva&Expires=1733035848&ssig=F7OIx%2FqXCI"
5105786734777272,2024-11-30,0,å‰æ—,[å¤ªå¼€å¿ƒ],æ¢…æ˜“æ·‹,m,å…¶ä»–,"https://tva3.sinaimg.cn/crop.0.0.664.664.180/dea7bbc7jw8fcnvwzf7wdj20ig0igq3h.jpg?KID=imgbed,tva&Expires=1733035848&ssig=kGO4%2FGcYQN"
5105786734777272,2024-11-29,0,æ¹–åŒ—,ç®€å•çš„å¿«ä¹ã€‚,ä½°èƒœå¾·1688,m,å¹¿ä¸œ ä¸­å±±,"https://tvax3.sinaimg.cn/crop.0.0.1080.1080.180/d64842adly8hw4rwtvswsj20u00u0gpz.jpg?KID=imgbed,tva&Expires=1733035848&ssig=IIuEZPdmwG"
5105786734777272,2024-11-29,0,æ²³å—,è¿™ä¸ªæŒº,å°å¸…æ‰001,m,æµ·å¤–,"https://tvax4.sinaimg.cn/crop.0.0.996.996.180/006annJoly8g44e61f46mj30ro0rowld.jpg?KID=imgbed,tva&Expires=1733035848&ssig=TmRYso4s62"
5105786734777272,2024-11-30,0,æ²³åŒ—,å¡ï¼Œå†æ¥ä¸€æ¡,é»‘é»‘è‹¦å’–å•¡,m,æ²³åŒ— çŸ³å®¶åº„,"https://tvax1.sinaimg.cn/default/images/default_avatar_male_180.gif?KID=imgbed,tva&Expires=1733035848&ssig=bGLkaIIRC6"
5076605374300556,2024-09-09,27,æœªçŸ¥,ç¼…æ€€ä¼Ÿäºº,åŒ—äº¬å¤§å…´æ¶ˆé˜²,m,åŒ—äº¬ å¤§å…´åŒº,"https://tvax2.sinaimg.cn/crop.0.0.879.879.180/005VK5gyly8ha5qnqzp8bj30of0ofmzi.jpg?KID=imgbed,tva&Expires=1733035851&ssig=uEOMu9GSIN"
5076605374300556,2024-09-09,13,å±±ä¸œ,ç¼…æ€€,æœˆäº®ä¸äº”åå…­ä¾¿å£«,f,å±±ä¸œ,"https://tvax1.sinaimg.cn/crop.0.0.1080.1080.180/008Em8nnly8hvxhptar35j30u00u0gmq.jpg?KID=imgbed,tva&Expires=1733035851&ssig=LN6Inn%2FYF2"
5076605374300556,2024-09-09,4,å¤©æ´¥,[å¿ƒ][å¿ƒ][å¿ƒ][å¿ƒ][å¿ƒ],ç­‰ä½ åŠ è²çŒ«,f,å…¶ä»–,"https://tvax4.sinaimg.cn/crop.0.0.1080.1080.180/7b615a11ly8gaotqikbz4j20u00u0q5c.jpg?KID=imgbed,tva&Expires=1733035851&ssig=g7bR2Olfkg"
5076605374300556,2024-09-09,4,åŒ—äº¬,ç¼…æ€€,Zany710,f,åŒ—äº¬ å¤§å…´åŒº,"https://tvax4.sinaimg.cn/crop.0.0.1080.1080.180/56b319faly8gg62rhlb7aj20u00u0abk.jpg?KID=imgbed,tva&Expires=1733035851&ssig=p%2BQt8BlQ2%2B"
5076605374300556,2024-09-09,5,å››å·,æ°¸è¿œç¼…æ€€,æ‘˜æ˜Ÿä¸å…»èŠ±,f,å››å·,"https://tvax4.sinaimg.cn/crop.0.0.1020.1020.180/af16f1e5ly8huk29qccktj20sc0scaed.jpg?KID=imgbed,tva&Expires=1733035851&ssig=YcPupsuaXU"
5076605374300556,2024-09-09,3,ç¦å»º,ç¼…æ€€[å¿ƒ],é£ä¸å‡ºé“¶æ²³ç³»,f,ç¦å»º æ³‰å·,"https://tvax4.sinaimg.cn/crop.0.0.1080.1080.180/008a3cTUly8htmls0ssrtj30u00u0ju0.jpg?KID=imgbed,tva&Expires=1733035851&ssig=zBmIab0R57"
5076605374300556,2024-09-09,2,å››å·,ç¼…æ€€,èƒ¡èåœæ±è¯çœ¼å©§,f,å¹¿ä¸œ,"https://tvax4.sinaimg.cn/crop.0.0.1080.1080.180/008t7tOgly8hw44rh8m23j30u00u0771.jpg?KID=imgbed,tva&Expires=1733035851&ssig=oqx89uBnvu"
5076605374300556,2024-09-09,2,é™•è¥¿,ç¼…æ€€,æ¶ˆå¤±çš„æ—§æ—¶å…‰19,m,é™•è¥¿,"https://tvax2.sinaimg.cn/crop.0.0.992.992.180/d59dea01ly8hkqt9e2ka3j20rk0rkdh1.jpg?KID=imgbed,tva&Expires=1733035851&ssig=G%2FSCGk7uMR"
5076605374300556,2024-09-09,2,å¤©æ´¥,ç¼…æ€€,ç»´ä»–å‘½DVD,f,æ²³åŒ— å”å±±,"https://tvax4.sinaimg.cn/crop.0.0.1080.1080.180/74ec3ce9ly8hl5rz44ecvj20u00u0dhj.jpg?KID=imgbed,tva&Expires=1733035851&ssig=dBheuSN5uX"
5076605374300556,2024-09-09,1,å±±ä¸œ,ç¼…æ€€,ä¸€ä¸ªæ•™å‘˜,m,å±±ä¸œ æ½åŠ,"https://tvax1.sinaimg.cn/default/images/default_avatar_male_180.gif?KID=imgbed,tva&Expires=1733035851&ssig=JdX5Fo47uq"
5106151350603731,2024-11-29,1,ç¦å»º,å¦‚ä½•æ‰èƒ½è®©å¥³ç¥¨çˆ½ç¿»å¤© [è‰²]http://t.cn/A6ngXdT2,äº’è”ç½‘å¤§ä½¬è¯´ä¸¶,m,ç¦å»º,"https://tvax1.sinaimg.cn/crop.0.0.540.540.180/9d808519ly8hnn5di3w2yj20f00f0jrb.jpg?KID=imgbed,tva&Expires=1733035854&ssig=Wd6aUk4%2F6Q"
5105665242562825,2024-11-29,4,ç¦å»º,æŠ±ä¸€ä¸‹æ²¡ä»€ä¹ˆå§ï¼Ÿç½ªå¤§æ¶æäº†ï¼Ÿ,ç«é”…å¾®è¾£,m,ç¦å»º ç¦å·,"https://tvax1.sinaimg.cn/crop.0.0.1080.1080.180/60cc9452ly8h8iimzdys2j20u00u0n2r.jpg?KID=imgbed,tva&Expires=1733035856&ssig=rpqs1XcEKI"
5105665242562825,2024-11-30,0,æ¹–å—,æƒ…ä¸è‡ªç¦,æˆ‘ç›¸ä¿¡æˆ‘èƒ½é£1981,m,æ²³å— éƒ‘å·,"https://tva4.sinaimg.cn/crop.0.0.180.180.180/a7bb90c3jw1e8qgp5bmzyj2050050aa8.jpg?KID=imgbed,tva&Expires=1733035856&ssig=JAqwEXMXoU"
5105665242562825,2024-11-28,1,å¹¿ä¸œ,æ˜¯æ§åˆ¶ä¸ä½,æ— å¯æ›¿ä»£å…µ,m,å¹¿ä¸œ ä¸œè,"https://tvax1.sinaimg.cn/crop.0.0.1080.1080.180/9cbaf9daly8hdffq4269vj20u00u03zf.jpg?KID=imgbed,tva&Expires=1733035856&ssig=eIaSX6IrWp"
5105665242562825,2024-11-30,1,å¹¿ä¸œ,[é¼“æŒ],Vision_me,m,å¹¿ä¸œ å¹¿å·,"https://tvax3.sinaimg.cn/crop.0.0.1080.1080.180/a8fc1044ly8hk63b4w6jmj20u00u0ae0.jpg?KID=imgbed,tva&Expires=1733035856&ssig=rLLYdJqZQN"
5105665242562825,2024-11-29,5,å†…è’™å¤,è¿™æ˜¯å·æ‹ä¸æ˜¯ç›‘æ§,é’æœ¨çƒŸç«,m,æ±Ÿè‹ æ— é”¡,"https://tvax4.sinaimg.cn/crop.0.0.511.511.180/5488fa46ly8ht1mh6e7myj20e80e7jsd.jpg?KID=imgbed,tva&Expires=1733035856&ssig=RH9rLjlXxy"
5105665242562825,2024-11-30,0,å±±ä¸œ,è¿™æ˜¯åœ¨æ¥¼æ¢¯å£å—,ä½è°ƒå°QQ,m,å±±ä¸œ èæ³½,"https://tvax4.sinaimg.cn/crop.0.0.964.964.180/bed5762ely8hsbnrmwfftj20qs0qsdhk.jpg?KID=imgbed,tva&Expires=1733035856&ssig=A%2BZlqexYLN"
5105665242562825,2024-11-30,0,å±±ä¸œ,åç»­å‘¢[doge],å†¬æ—¥åŠ¡åµ©,m,å…¶ä»–,"https://tvax2.sinaimg.cn/crop.0.0.960.960.180/006LgtCzly8hr2e4wgjtcj30qo0qomzm.jpg?KID=imgbed,tva&Expires=1733035856&ssig=QRy9x8%2FNtm"
5105665242562825,2024-11-30,0,ç¦å»º,æƒ…ä¸è‡ªç¦,é’ç‚å ‚,m,å…¶ä»–,"https://tvax2.sinaimg.cn/crop.0.0.960.960.180/006Q10Kuly8hupt9j8xwbj30qo0qo41c.jpg?KID=imgbed,tva&Expires=1733035856&ssig=nJ12hXq%2FtP"
5105665242562825,2024-11-30,1,è¾½å®,[good],ç©ºå” å” å¨å¨,m,è¾½å® ä¸¹ä¸œ,"https://tvax1.sinaimg.cn/default/images/default_avatar_male_180.gif?KID=imgbed,tva&Expires=1733035856&ssig=8kecXxFtCB"
5105665242562825,2024-11-30,1,æ¾³å¤§åˆ©äºš,æ˜¯ä¸çŸ¥é“ç›‘æ§ä¼šè¢«éšä¾¿å…¬å¼€,å¾å°˜æœ¨,m,æµ·å¤– æ¾³å¤§åˆ©äºš,"https://tva2.sinaimg.cn/crop.0.0.511.511.180/005NTJBDjw8erjwwqe3daj30e80e70t0.jpg?KID=imgbed,tva&Expires=1733035856&ssig=tWC%2F7ldBCR"
5105665242562825,2024-11-29,1,å±±è¥¿,æœ‰é”™å—ï¼Ÿæ¥¼ä¸»ä»¥åæœ‰å¯¹è±¡å¯åƒä¸‡åˆ«åœ¨è¿™ç§åœ°æ–¹å¿ä¸ä½ï¼Œåˆ«è¢«çœ‹ä¸èµ·ã€‚,Czå…°èŒµ,f,å…¶ä»–,"https://tvax1.sinaimg.cn/default/images/default_avatar_female_180.gif?KID=imgbed,tva&Expires=1733035856&ssig=feB8a%2BQyUs"
5105665242562825,2024-11-29,1,é’æµ·,è¿™ä¸è¢«ä½ ç›‘æ§äº†,å±±è¥¿é©¬æµ·äº®,m,å±±è¥¿ å¤ªåŸ,"https://tvax3.sinaimg.cn/crop.0.326.1080.1080.180/006WlBPTly8huxsq4u0q4j30u01c4jun.jpg?KID=imgbed,tva&Expires=1733035856&ssig=Wk7ZVM%2Bg6c"
5105665242562825,2024-11-29,1,é‡åº†,æœ‰äººçœ‹æ‰èƒ½ä½“ä¼šåˆ°,ä¸€èˆ¹ç§‹æ°´2017,m,é‡åº†,"https://tvax1.sinaimg.cn/crop.0.0.1080.1080.180/006RC2mAly8hvm0qy69tpj30u00u0jtp.jpg?KID=imgbed,tva&Expires=1733035856&ssig=trIqmbZM8M"
5105665242562825,2024-11-29,0,å¹¿ä¸œ,å¸ˆç”Ÿï¼Ÿ,å£ä¸å¯¹å¿ƒ-,m,å¹¿ä¸œ,"https://tvax1.sinaimg.cn/crop.0.0.512.512.180/007JSJAply8hawq0tig18j30e80e8wg7.jpg?KID=imgbed,tva&Expires=1733035856&ssig=glgooKOhtZ"
5105665242562825,2024-11-29,0,åŒ—äº¬,ä¸Šå¤´äº†å‘—,è€è‚–è¦è¯´è¯,m,åŒ—äº¬,"https://tvax2.sinaimg.cn/crop.0.0.927.927.180/006TniFSly8hmaotyzx1mj30pr0pr0vj.jpg?KID=imgbed,tva&Expires=1733035856&ssig=MVet53qdBK"
5105665242562825,2024-11-30,0,å››å·,è¿™å°±æ˜¯çˆ±æƒ…[ç¬‘cry],Aè´å£³ç§Ÿæˆ¿å°æ17882331003,m,å…¶ä»–,"https://tvax3.sinaimg.cn/crop.0.0.132.132.180/008EKbwPly4hrhxut32cyj303o03o745.jpg?KID=imgbed,tva&Expires=1733035856&ssig=p8ChQKX9sk"
5105665242562825,2024-11-30,0,å››å·,äº²ä¸ªå˜´å’‹å•¦,é£ä¸”ç°ç‰ä¸å›,m,å…¶ä»–,"https://tvax3.sinaimg.cn/crop.0.75.836.836.180/008FQa86ly8htbzy5wy7bj30n80rf0vk.jpg?KID=imgbed,tva&Expires=1733035856&ssig=CgsokUUfi4"
5105665242562825,2024-11-30,1,å¹¿è¥¿,ç–‘ä¼¼å‘æ˜¥äº†[è£‚å¼€][æ³ª],iwbvbsj,f,å¹¿è¥¿,"https://tvax2.sinaimg.cn/crop.0.0.1080.1080.180/008CLMycly8hw3pjrgnyxj30u00u00u7.jpg?KID=imgbed,tva&Expires=1733035856&ssig=zWsxBKTRRd"
5105665242562825,2024-11-29,0,æ¹–åŒ—,å˜å˜ï¼Œé•¿é«˜ç”œ,é¦™è‚ è›‹ç‚’é¥­çš„è¯±æƒ‘,m,æ¹–åŒ— æ­¦æ±‰,"https://tvax4.sinaimg.cn/crop.0.0.1002.1002.180/56ab1049ly8fxixuz71fqj20ru0ruq48.jpg?KID=imgbed,tva&Expires=1733035856&ssig=LO8SIPbQIC"
5105665242562825,2024-11-29,0,æ²™ç‰¹é˜¿æ‹‰ä¼¯,é‚£å’‹äº†ï¼Ÿ,æ–°å°”äº‘,m,å…¶ä»–,"https://tvax3.sinaimg.cn/crop.0.0.534.534.180/008ADomcly8hpvxwk8kk8j30eu0euwf9.jpg?KID=imgbed,tva&Expires=1733035856&ssig=sZJZt0NEtl"
5102092781879663,2024-11-28,197,æ²³å—,è¿‡ç¨‹å‘¢ï¼Ÿ,è¾›æ˜Šé˜³_l,m,å±±ä¸œ æ½åŠ,"https://tvax3.sinaimg.cn/crop.0.0.512.512.180/bdd80b7cly8h4sm70ivjvj20e80e8aaj.jpg?KID=imgbed,tva&Expires=1733035859&ssig=N9WQsohTTL"
5102092781879663,2024-11-20,127,å››å·,å¹²ä»€ä¹ˆäº†ï¼Ÿ[å¤ªå¼€å¿ƒ][æ‰“call],æ¥Šå¼·1988168,m,å››å·,"https://tvax2.sinaimg.cn/crop.0.0.996.996.180/006kcJfNly8gbmxoab7wnj30ro0rognk.jpg?KID=imgbed,tva&Expires=1733035859&ssig=mPSvBPzbiq"
5102092781879663,2024-11-19,197,æ±Ÿè¥¿,çœ‹æ ·å­è¿˜æœªå°½å…´[å…æ‚²],SWæ¬è¿æ§,m,å…¶ä»–,"https://tvax2.sinaimg.cn/crop.0.0.451.451.180/008dGSrIly8hoswld1b85j30cj0cjjrk.jpg?KID=imgbed,tva&Expires=1733035859&ssig=gItZszsmxf"
5102092781879663,2024-11-18,64,æ±Ÿè‹,MVPç»“ç®—ç”»é¢,æŸšå¿µ041029,m,å…¶ä»–,"https://tvax3.sinaimg.cn/crop.0.0.1080.1080.180/008EH2Faly8hrd5jib0raj30u00u0774.jpg?KID=imgbed,tva&Expires=1733035859&ssig=DtQ1mHtyfA"
5102092781879663,2024-11-21,36,å››å·,æˆ‘åæ‰‹ä¸€ä¸ªå…³æ³¨  è¦æ˜¯ä¸æ“¦è¾¹ å¦åˆ™æˆ‘å®šè¦ä¸¾æŠ¥ä½ ,éƒèˆ’X,m,å››å·,"https://tvax4.sinaimg.cn/crop.0.0.1080.1080.180/0063adWply8go2ym9ac5pj30u00u0q4i.jpg?KID=imgbed,tva&Expires=1733035859&ssig=Yh5AcjUUZ%2B"
5102092781879663,2024-11-30,2,å¹¿ä¸œ,MVPç»“ç®—ç”»é¢,Mr_Demon_yu,m,æµ·å— æµ·å£,"https://tva2.sinaimg.cn/crop.0.0.1242.1242.180/bff283a7jw8exbj9iyft4j20yi0yidht.jpg?KID=imgbed,tva&Expires=1733035859&ssig=%2FWhPbZdXTL"
5105324302274370,2024-11-27,42,æ±Ÿè‹,é¸¡ä¸€é¡¿é¥±ä¸€é¡¿çš„,å¾ˆå¾ˆéšæ„,m,å››å· é˜¿å,"https://tvax3.sinaimg.cn/crop.0.0.1080.1080.180/78dc540dly8g9ioc2ghv3j20u00u0q4z.jpg?KID=imgbed,tva&Expires=1733035861&ssig=D2SXr2mVX0"
5105324302274370,2024-12-01,0,æ¹–å—,l,è†é—¯,m,æ²³å— éƒ‘å·,"https://tva2.sinaimg.cn/crop.0.0.1328.1328.180/94b36eafjw8f6io9wcgkrj210w10wn36.jpg?KID=imgbed,tva&Expires=1733035861&ssig=oyAPbJ2HmT"
5105324302274370,2024-12-01,0,æ¹–å—,æ„Ÿè§‰è‡­è‡­çš„,è†é—¯,m,æ²³å— éƒ‘å·,"https://tva2.sinaimg.cn/crop.0.0.1328.1328.180/94b36eafjw8f6io9wcgkrj210w10wn36.jpg?KID=imgbed,tva&Expires=1733035861&ssig=oyAPbJ2HmT"
5105324302274370,2024-11-30,0,åŒ—äº¬,æœ‰è¿™é¡¿æ²¡ä¸‹é¡¿,æ‹æ¡‘æƒœç‰,m,åŒ—äº¬ æµ·æ·€åŒº,"https://tvax2.sinaimg.cn/crop.0.0.1023.1023.180/6e632511ly8hw4mjrpu0wj20sg0sfwgc.jpg?KID=imgbed,tva&Expires=1733035861&ssig=JD6rNqXFis"
5105324302274370,2024-11-30,1,å¹¿ä¸œ,å¥½é¥¿,ç”±å¨é¾™,m,å±±è¥¿ å•æ¢,"https://tvax1.sinaimg.cn/crop.0.0.1080.1080.180/03fc8fcfly8hvoidshhkmj20u00u0gmy.jpg?KID=imgbed,tva&Expires=1733035861&ssig=8qAHR7geYD"
5105324302274370,2024-12-01,0,ä¸Šæµ·,æœ‰ç‚¹è¿œå‘[doge],ä¸€å¼€å§‹å°±å¯ä»¥ç»“æŸ,m,åŒ—äº¬,"https://tvax2.sinaimg.cn/crop.0.0.996.996.180/006VpXKMly8gq9m7426qhj30ro0ro0yo.jpg?KID=imgbed,tva&Expires=1733035861&ssig=w99atch7Fm"
5105324302274370,2024-11-30,0,å¹¿ä¸œ,[èµ],ç§‘æŠ€å¤§åˆ©DL,m,æ±Ÿè¥¿,"https://tvax1.sinaimg.cn/crop.0.0.1064.1064.180/008BZdBJly8hw4yqaoidqj30tk0tktbi.jpg?KID=imgbed,tva&Expires=1733035861&ssig=B0w3Fj%2BQo0"
5105324302274370,2024-11-30,1,å±±ä¸œ,[å…æ‚²],å’•å™œå’•å™œçš„æå°è™«,f,æ¹–åŒ— æ­¦æ±‰,"https://tvax3.sinaimg.cn/crop.0.0.990.990.180/b175bdc7ly8hw4j4a3sawj20ri0ri0t4.jpg?KID=imgbed,tva&Expires=1733035861&ssig=oMnqxYC9PG"
5105324302274370,2024-11-30,4,é™•è¥¿,ä½ ä»¬çš„å¼‚åœ°æ‹å¥³å‹,YangHLi00,m,é™•è¥¿ å®‰åº·,"https://tvax3.sinaimg.cn/crop.0.0.996.996.180/005N9NJGly8fgal1rmor1j30ro0rp77e.jpg?KID=imgbed,tva&Expires=1733035861&ssig=FRa%2B8u8%2F%2FM"
5105324302274370,2024-12-01,1,ç¦å»º,æ ¼å±€æ‰“å¼€[å…æ‚²],å¸…æ°”çš„å°ç”·å­©44,m,å…¶ä»–,"https://tvax2.sinaimg.cn/crop.0.0.512.512.180/008sMrzTly8htv9zlbu2wj30e80e8gm3.jpg?KID=imgbed,tva&Expires=1733035861&ssig=9sqVqKxczc"
5105324302274370,2024-12-01,0,é»‘é¾™æ±Ÿ,ä½ ä¹Ÿå¯ä»¥æ¥,éƒ‘ç»å„¿,m,é»‘é¾™æ±Ÿ,"https://tvax3.sinaimg.cn/crop.0.0.996.996.180/006BzyGuly8fi8lhfft3hj30ro0roabu.jpg?KID=imgbed,tva&Expires=1733035861&ssig=xKVh6MgcDb"
5105324302274370,2024-11-30,0,æ¹–åŒ—,æ¥ç‚¹æ±æº,å¥¹è¿˜æœªå«æˆ‘è¿˜æƒ³ç­‰ç­‰,m,å…¶ä»–,"https://tvax2.sinaimg.cn/crop.0.0.996.996.180/006GeL7Hly8gdjuy5ic0lj30ro0ron0o.jpg?KID=imgbed,tva&Expires=1733035861&ssig=%2BtaiL0jB7N"
5105324302274370,2024-11-30,0,æµ™æ±Ÿ,[æ‰“call][æ‰“call][æ‰“call]å¥³ç¥,æ—ºæ‚ æ—ºæ—º,m,è´µå·,"https://tvax4.sinaimg.cn/crop.0.0.984.984.180/008trSuuly8hujm9tti69j30rc0rcmy9.jpg?KID=imgbed,tva&Expires=1733035861&ssig=9%2F3fx4mv74"
5105324302274370,2024-11-30,0,æ²³åŒ—,å§å§è¿‡æ¥å¸®å¿™,æ­Œå‡¯ä½ æ˜¯æˆ‘,m,æ²³åŒ— ä¿å®š,"https://tva1.sinaimg.cn/crop.0.0.750.750.180/e7db5075jw8f1xz50w04gj20ku0kumya.jpg?KID=imgbed,tva&Expires=1733035861&ssig=1qGnOYSW5N"
5105324302274370,2024-11-30,0,è´µå·,ç»™ä½ ,å›°åˆ°ä¸æƒ³èµ°è·¯çš„å°ç„¦,m,å…¶ä»–,"https://tvax1.sinaimg.cn/crop.0.0.132.132.180/008ar9kLly4gh34af9trdj303o03oweb.jpg?KID=imgbed,tva&Expires=1733035861&ssig=saMqrKnBAD"
5105324302274370,2024-11-29,0,æ±Ÿè‹,[å…æ‚²],å­™æ™¨cccc,m,å…¶ä»–,"https://tvax4.sinaimg.cn/crop.0.0.1080.1080.180/006bTUTFly8hh2xl60qgmj30u00u0tc5.jpg?KID=imgbed,tva&Expires=1733035861&ssig=SGgW0ghTRp"
5105324302274370,2024-11-28,1,ä¸Šæµ·,å§å§æ”¾è¿‡æˆ‘è¡Œä¸è¡Œ,CHCJIN,m,ä¸Šæµ·,"https://tvax2.sinaimg.cn/crop.0.0.800.800.180/007lPVWKly8hs9trcykfuj30m80m8di2.jpg?KID=imgbed,tva&Expires=1733035861&ssig=0wPwld9x2H"
5105324302274370,2024-11-28,1,æµ™æ±Ÿ,è¿™æ˜¯ğŸ“å—,æˆ‘æ—©å°±æ— æ‰€è°“äº†,f,æµ™æ±Ÿ èˆŸå±±,"https://tvax2.sinaimg.cn/crop.0.0.512.512.180/d08f92bdly8hw1j2cm5afj20e80e8q3g.jpg?KID=imgbed,tva&Expires=1733035861&ssig=uqhkWp6OHn"
5105324302274370,2024-11-28,0,å¹¿ä¸œ,[å¿ƒ],è´´wè´´,m,å…¶ä»–,"https://tvax3.sinaimg.cn/crop.0.0.1080.1080.180/008oqcvAly8gvpeqecs8rj60u00u00v202.jpg?KID=imgbed,tva&Expires=1733035861&ssig=5V5dxN3onn"
5105324302274370,2024-11-27,1,å››å·,çœ‹æˆ‘,å°çŒªèŠ±å›­çŒªä½©å¥‡,m,å…¶ä»–,"https://tvax4.sinaimg.cn/crop.0.0.132.132.180/008CMKyjly4hmktd8nbc3j303o03omwy.jpg?KID=imgbed,tva&Expires=1733035861&ssig=pTn3QZyvl4"
5105590025848943,2024-11-28,46,å±±ä¸œ,æ­¦æ±‰,é‡‘æ°´ä¹é¾™,m,å±±ä¸œ é’å²›,"https://tvax4.sinaimg.cn/crop.0.0.921.921.180/00652pD9ly8hw394lj1rcj30pl0pl40h.jpg?KID=imgbed,tva&Expires=1733035864&ssig=hQEeshlOmP"
5105590025848943,2024-11-28,16,æ¹–åŒ—,èšŒåŸ ,Cuteç‚¹ç‚¹æœ€IN,m,å…¶ä»–,"https://tvax3.sinaimg.cn/crop.0.0.960.960.180/007esqAaly8fu25cgf4rtj30qo0qo0ux.jpg?KID=imgbed,tva&Expires=1733035864&ssig=82qlsE7NLL"
5105590025848943,2024-11-28,30,å¹¿ä¸œ,ç‰æ—,é˜¿æ¸…1109,m,å¹¿ä¸œ å¹¿å·,"https://tvax4.sinaimg.cn/crop.0.0.1002.1002.180/542bf931ly8fw7mnzprz2j20ru0rvwg9.jpg?KID=imgbed,tva&Expires=1733035864&ssig=zBBcYAC%2BpR"
5105590025848943,2024-11-28,3,å¹¿ä¸œ,ç‰æ—,æµ·æœ‰æ¶›å£°,m,å¹¿ä¸œ ä¸œè,"https://tvax3.sinaimg.cn/crop.0.0.996.996.180/007PDC92ly8g3vuhi7wi4j30ro0ro0uo.jpg?KID=imgbed,tva&Expires=1733035864&ssig=dyeIE4YC65"
5105590025848943,2024-11-28,1,æ¹–å—,æ±åŸ,ç§€è‰²å¯é¤ä¸æ€èœ€,m,æ¹–å— é•¿æ²™,"https://tvax3.sinaimg.cn/crop.0.0.1080.1080.180/008zyAqrly8hmjgwb1zu8j30u00u0783.jpg?KID=imgbed,tva&Expires=1733035864&ssig=BuicEJfXN%2F"
5105590025848943,2024-11-28,1,ä¸Šæµ·,æ¹¾æ¹¾,è‚¡ä¸œå°ç«¥é‹,m,åŒ—äº¬,"https://tvax3.sinaimg.cn/crop.0.0.996.996.180/006FFblply8g6dx7ybz6cj30ro0rpq4y.jpg?KID=imgbed,tva&Expires=1733035864&ssig=YD%2BEkM9tmp"
5105590025848943,2024-11-28,23,å¹¿ä¸œ,ä¸œè,æµ·å¸‚ä¹‹èŠ±å¦–å§¬,m,å…¶ä»–,"https://tvax2.sinaimg.cn/crop.0.0.1023.1023.180/006QpFnLly8htvkxo81bij30sg0sf0yj.jpg?KID=imgbed,tva&Expires=1733035864&ssig=n0jv1Alx7M"
5105590025848943,2024-11-28,25,å±±è¥¿,ç™¾è‰²,äºæ˜¯å“¦,m,å±±è¥¿,"https://tva3.sinaimg.cn/crop.0.0.1080.1080.180/6abb81c7jw8eqb2mwetcxj20u00u0adz.jpg?KID=imgbed,tva&Expires=1733035864&ssig=5Kr01jlrzA"
5105590025848943,2024-11-28,0,å››å·,[é¦‹å˜´],å”ç¦¹å®,m,å…¶ä»–,"https://tvax4.sinaimg.cn/crop.0.0.1002.1002.180/006O5D3Kly8gddgq8c52uj30ru0ruad4.jpg?KID=imgbed,tva&Expires=1733035864&ssig=eL0vn7%2BNbP"
5105590025848943,2024-11-28,11,å››å·,å®é¸¡,ç”¨æˆ·cbndo55tg4,m,å…¶ä»–,"https://tva2.sinaimg.cn/crop.0.0.180.180.180/747e9b19jw1eee37a0dcej2050050jri.jpg?KID=imgbed,tva&Expires=1733035864&ssig=Kl5kLxGG1f"
5105590025848943,2024-11-28,2,åŒ—äº¬,æ—¥ï¼Œç…§[åƒç“œ],ä½è°ƒçš„ä¸šä½™çˆ±å¥½è€…,m,å®‰å¾½ åˆè‚¥,"https://tvax1.sinaimg.cn/default/images/default_avatar_male_180.gif?KID=imgbed,tva&Expires=1733035864&ssig=umQUUeJCqL"
5105590025848943,2024-11-28,5,åŒ—äº¬,åˆè‚¥,ä¹è§‚çš„nienie,m,åŒ—äº¬ æœé˜³åŒº,"https://tvax4.sinaimg.cn/crop.0.0.996.996.180/534bda07ly8fxtbgtwohsj20ro0rogmw.jpg?KID=imgbed,tva&Expires=1733035864&ssig=3srLGNQeH%2F"
5105590025848943,2024-11-29,0,è¾½å®,å¤©æ´¥,Jæ˜Ÿæ²³å°æ˜Ÿ,m,å…¶ä»–,"https://tvax4.sinaimg.cn/crop.0.0.720.720.180/007YPNLVly8gndriome3jj30k00k0401.jpg?KID=imgbed,tva&Expires=1733035864&ssig=lQr%2Fh457iT"
5105590025848943,2024-11-28,4,ç¦å»º,åŸºéš†[å…æ‚²][å…æ‚²][å…æ‚²],è¶…çº§é‡‘æ‰‹,m,å…¶ä»–,"https://tva1.sinaimg.cn/crop.0.0.180.180.180/81ef67e0jw1e8qgp5bmzyj2050050aa8.jpg?KID=imgbed,tva&Expires=1733035864&ssig=ZclH%2FPAzG2"
5105590025848943,2024-11-30,1,å¹¿ä¸œ,å¤©æ´¥,Raining_C_D,m,ä¸Šæµ· é»„æµ¦åŒº,"https://tvax4.sinaimg.cn/crop.0.0.828.828.180/8e03946bly8hw4gi7edjkj20n00n0tbs.jpg?KID=imgbed,tva&Expires=1733035864&ssig=Z4KOwwsCrN"
5105590025848943,2024-11-30,1,å¹¿ä¸œ,å¤©æ´¥,è†å¬ä¸¿é‚£ä¼¤æ‚²,m,å¹¿ä¸œ æ¹›æ±Ÿ,"https://tvax2.sinaimg.cn/crop.0.0.996.996.180/e72fa827ly8ff8mfyl5r2j20ro0ro41s.jpg?KID=imgbed,tva&Expires=1733035864&ssig=5Qq0EEg8CM"
5105590025848943,2024-11-28,4,å››å·,å¤ªåŸ[doge],çŒ«çŒ«å„¿ä¹Ÿæ˜¯é±¼,m,å››å· æˆéƒ½,"https://tvax4.sinaimg.cn/crop.0.0.750.750.180/c7e480b8ly8hrm4p26tg1j20ku0ku763.jpg?KID=imgbed,tva&Expires=1733035864&ssig=ITwX2dImnK"
5105590025848943,2024-11-28,4,å¹¿ä¸œ,æ­¦æ±‰â€¦æ— æ±‰[æŒ–é¼»],Richard_èŒƒ,m,å¹¿ä¸œ ä¸­å±±,"https://tva4.sinaimg.cn/crop.85.0.314.314.180/63fb0e03gw1ekhfyerenej20b408rabk.jpg?KID=imgbed,tva&Expires=1733035864&ssig=1WK1WhJkYc"
5105590025848943,2024-12-01,0,ä¸Šæµ·,é•¿æ˜¥[å˜»å˜»],ç‹ç‘_å°æ´›å¥‡,m,å…¶ä»–,"https://tvax2.sinaimg.cn/crop.0.0.337.337.180/005SpN4cly8hky54jw9fzj309d09dglv.jpg?KID=imgbed,tva&Expires=1733035864&ssig=owF%2FdYU04d"
5106171015075240,2024-11-29,0,æ¹–å—,å¤§å›½å¤–äº¤,æ˜“å›°çŒç¡è™«,f,å¹¿ä¸œ,"https://tvax4.sinaimg.cn/crop.0.0.996.996.180/aae093bcly8glqn4f8euvj20ro0rojt2.jpg?KID=imgbed,tva&Expires=1733035866&ssig=S79A5yp%2B8I"
5106171015075240,2024-11-29,0,å±±è¥¿,å¤§å›½å¤–äº¤,ç¡åˆ°äººé—´ç…®é¥­008,f,å±±è¥¿ å•æ¢,"https://tvax3.sinaimg.cn/crop.0.0.1080.1080.180/006gTAEKly8hvkqhvkugxj30u00u0wg4.jpg?KID=imgbed,tva&Expires=1733035866&ssig=noTiSK4Gfb"
5106171015075240,2024-11-29,0,å±±ä¸œ,å¤§å›½å¤–äº¤[é¼“æŒ][é¼“æŒ],å¿«ä¹æ¯ä¸€å¤©20120316,m,å±±ä¸œ é’å²›,"https://tvax4.sinaimg.cn/crop.0.0.630.630.180/6d73ccaely8hrvh2tnly5j20hi0higmg.jpg?KID=imgbed,tva&Expires=1733035866&ssig=eE1VxWivVd"
5106158496653269,2024-11-29,23,å±±ä¸œ,æ–°ç–†æ£‰èŠ±ï¼Œå“è´¨å“è¶Šï¼Œæ¸©æš–ä¸è´£ä»»å¹¶å­˜ã€‚æ”¯æŒä¼˜è´¨å›½äº§ï¼Œä¸ºå¯æŒç»­å‘å±•ç‚¹èµï¼,å±±ä¸œå¿«ä¸€ç‚¹,m,å±±ä¸œ,"https://tvax1.sinaimg.cn/crop.0.0.1080.1080.180/006Oeq6sly8h0qzzrn68rj30u00u1gok.jpg?KID=imgbed,tva&Expires=1733035869&ssig=avHN4cVEnG"
5106158496653269,2024-11-29,21,å±±ä¸œ,æ”¯æŒæ–°ç–†æ£‰èŠ±[é¼“æŒ][é¼“æŒ][é¼“æŒ],å†¬ç“œæ‹é±¼,m,åŒ—äº¬,"https://tvax2.sinaimg.cn/crop.0.0.1080.1080.180/005WzvQVly8hukx61l99dj30u00u0jvg.jpg?KID=imgbed,tva&Expires=1733035869&ssig=eI6iKkJK3A"
5106158496653269,2024-11-29,17,å±±ä¸œ,æ–°ç–†æ£‰[å¿ƒ][å¿ƒ][å¿ƒ],è†éœ²é¢–,f,å…¶ä»–,"https://tvax4.sinaimg.cn/crop.0.0.512.512.180/006IUYJkly8hsxslk243jj30e80e80t7.jpg?KID=imgbed,tva&Expires=1733035869&ssig=UosD572hQQ"
5106158496653269,2024-11-29,16,å±±ä¸œ,æ²¡æ¯›ç—…[èµ][å¿ƒ][å¿ƒ][å¿ƒ],å¼ æ›¦è‡£,f,åŒ—äº¬,"https://tvax1.sinaimg.cn/crop.0.0.1024.1024.180/73629f35ly8hv2gxf6oa5j20sg0sggp9.jpg?KID=imgbed,tva&Expires=1733035869&ssig=H8yueGZCsn"
5106158496653269,2024-11-29,16,åŒ—äº¬,#æˆ‘æ”¯æŒæ–°ç–†æ£‰èŠ±# æˆ‘æ”¯æŒæ–°ç–†æ£‰èŠ±[å¿ƒ][å¿ƒ][å¿ƒ],ç§èŠ±å®¶çš„å°å°å›­ä¸,f,å…¶ä»–,"https://tva2.sinaimg.cn/crop.120.0.600.600.180/dcf8656ejw8e7g8w54h5bj20nc0goaad.jpg?KID=imgbed,tva&Expires=1733035869&ssig=l2nXdCp9P8"
5106158496653269,2024-11-29,15,åŒ—äº¬,æˆ‘æ”¯æŒæ–°ç–†æ£‰èŠ±[å¿ƒ][å¿ƒ][å¿ƒ]#æˆ‘æ”¯æŒæ–°ç–†æ£‰èŠ±# ,æ‰‹è‰ºåˆ›ä½œè€…,m,å±±ä¸œ ä¸´æ²‚,"https://tva1.sinaimg.cn/crop.0.0.1328.1328.180/b6260d56jw8f78mq88s65j210w10w7c3.jpg?KID=imgbed,tva&Expires=1733035869&ssig=e4ADY3cOS8"
5106158496653269,2024-11-29,15,å±±ä¸œ,å¤§èµ[é¼“æŒ][é¼“æŒ][é¼“æŒ],èŠ±ä¸‹ä¸€äº©ç”°,m,å±±ä¸œ,"https://tvax3.sinaimg.cn/crop.0.0.1080.1080.180/007WIzNoly8h6p1otemftj30u00u03yl.jpg?KID=imgbed,tva&Expires=1733035869&ssig=dEtKra2pKf"
5106158496653269,2024-11-29,6,å±±ä¸œ,#æˆ‘æ”¯æŒæ–°ç–†æ£‰èŠ±#,å¬é‰´æ–‡åŒ–,m,å±±ä¸œ,"https://tvax2.sinaimg.cn/crop.0.0.1080.1080.180/006JxcPPly8hqetkhts8fj30u00u03zi.jpg?KID=imgbed,tva&Expires=1733035869&ssig=yMOKla1ZbM"
5106158496653269,2024-11-29,4,ä¸Šæµ·,åŠ›æŒºæ–°ç–†æ£‰èŠ±#æˆ‘æ”¯æŒæ–°ç–†æ£‰èŠ±# [å¿ƒ][å¿ƒ][å¿ƒ],ç…çŠé…’å®¢,m,å…¶ä»–,"https://tvax2.sinaimg.cn/crop.0.0.1080.1080.180/dbb9b107ly8h7l04hcc85j20u00u0djm.jpg?KID=imgbed,tva&Expires=1733035869&ssig=6dMXC1OyUi"
5106158496653269,2024-11-29,3,ä¸Šæµ·,æ”¯æŒ#æˆ‘æ”¯æŒæ–°ç–†æ£‰èŠ±# ,å“‡å¡ç§èŠ±å®¶,m,å±±ä¸œ,"https://tvax4.sinaimg.cn/crop.0.0.888.888.180/008dWh4bly8glk861dwvyj30oo0ootaa.jpg?KID=imgbed,tva&Expires=1733035869&ssig=gYWEf01WK5"
5106158496653269,2024-11-29,5,å¹¿ä¸œ,#æˆ‘æ”¯æŒæ–°ç–†æ£‰èŠ±# åšå†³ä¸å‡ºå£ç»™æ—¥å¯‡ï¼Œå¤ªåäº†å®ƒä»¬#æˆ‘æ”¯æŒæ–°ç–†æ£‰èŠ±# ,ç§èŠ±å®ˆæŠ¤å›¢,m,å±±ä¸œ,"https://tvax1.sinaimg.cn/crop.0.0.1080.1080.180/008vKyCBly8h7l9qytlsij30u00u0age.jpg?KID=imgbed,tva&Expires=1733035869&ssig=%2BgY5HoKN9i"
5106158496653269,2024-11-29,5,å¹¿ä¸œ,#æˆ‘æ”¯æŒæ–°ç–†æ£‰èŠ±# å¿…é¡»æ”¯æŒæ–°ç–†æ£‰èŠ±[å¿ƒ][å¿ƒ][å¿ƒ],æ ©ä¸‹é‚£ç‰‡å¤©ç©º,m,å±±ä¸œ,"https://tvax4.sinaimg.cn/crop.0.0.751.751.180/008cmsQTly8gjlfl6rmomj30kv0kvdhk.jpg?KID=imgbed,tva&Expires=1733035869&ssig=CoHJ8IuaM%2B"
5106158496653269,2024-11-29,5,å¹¿ä¸œ,æ”¯æŒ#æˆ‘æ”¯æŒæ–°ç–†æ£‰èŠ±# ,æˆ‘æ˜¯å­™æ”¿,m,å±±ä¸œ ä¸´æ²‚,"https://tvax2.sinaimg.cn/crop.0.0.1080.1080.180/eaeffbb4ly8h7j4wp4mbdj20u00u046t.jpg?KID=imgbed,tva&Expires=1733035869&ssig=0DCN7gs1Uu"
5106158496653269,2024-11-29,5,åŒ—äº¬,#æˆ‘æ”¯æŒæ–°ç–†æ£‰èŠ±# æˆ‘ä»¬å®¶çš„æ£‰èŠ±å°±æ˜¯å¥½[é¼“æŒ][é¼“æŒ][é¼“æŒ],å¹´è½»çš„å¿ƒä¸ä¼šè¾“,f,å…¶ä»–,"https://tvax4.sinaimg.cn/crop.0.0.1080.1080.180/007vEtV0ly8gyffg8gqcrj30u00u0t9u.jpg?KID=imgbed,tva&Expires=1733035869&ssig=JndaP%2FZXM2"
5106158496653269,2024-11-29,2,ä¸Šæµ·,è¯´ä¸€åƒé“ä¸€ä¸‡ï¼Œè¿˜æ»´æ˜¯æˆ‘ä»¬æ–°ç–†æ£‰èŠ±#æˆ‘æ”¯æŒæ–°ç–†æ£‰èŠ±# [èµ][èµ][èµ],éƒ‘å®¶åº„äº®äº®,m,å±±ä¸œ,"https://tvax4.sinaimg.cn/crop.0.0.419.419.180/008vK7jxly8h7kzo0kss0j30bn0bnq3s.jpg?KID=imgbed,tva&Expires=1733035869&ssig=w2hPcrUDdj"
5106158496653269,2024-11-29,1,ä¸Šæµ·,#æˆ‘æ”¯æŒæ–°ç–†æ£‰èŠ±# åšå†³æŠµåˆ¶æ—¥å¯‡,ä¸ç»æ²§æ¡‘æ€æˆç”·äººå•Š,m,å±±ä¸œ ä¸´æ²‚,"https://tvax3.sinaimg.cn/crop.0.0.512.512.180/008ERUMXly8hrols0mna6j30e80e8js8.jpg?KID=imgbed,tva&Expires=1733035869&ssig=ThrSYDEFUs"
5106158496653269,2024-11-29,1,å¹¿ä¸œ,ç§‘æ™®åˆ°ä½[é¼“æŒ][é¼“æŒ][é¼“æŒ][ç»™åŠ›][ç»™åŠ›][ç»™åŠ›]#æˆ‘æ”¯æŒæ–°ç–†æ£‰èŠ±# ,ç§èŠ±å®¶çš„å¬é˜…,m,å±±ä¸œ,"https://tvax2.sinaimg.cn/crop.0.0.1080.1080.180/006VvXwqly8gfnlebzxmmj30u00u0dj4.jpg?KID=imgbed,tva&Expires=1733035869&ssig=pbfomeZhwQ"
5106158496653269,2024-11-29,1,åŒ—äº¬,æˆ‘æ”¯æŒæ–°ç–†æ£‰èŠ±[å¿ƒ]#æˆ‘æ”¯æŒæ–°ç–†æ£‰èŠ±# ,å°å®‡å®¶çš„å°é›¨,m,å±±ä¸œ,"https://tvax2.sinaimg.cn/crop.0.0.960.960.180/008AKhN8ly8hi20e4vlxhj30qo0qoq3k.jpg?KID=imgbed,tva&Expires=1733035869&ssig=AiOxGElLUU"
5106158496653269,2024-11-29,2,å±±ä¸œ,#æˆ‘æ”¯æŒæ–°ç–†æ£‰èŠ±#æˆ‘æ”¯æŒæ–°ç–†æ£‰èŠ±[å¿ƒ][å¿ƒ][å¿ƒ],å“ˆå“ˆå§å§çš„å§å§,f,å…¶ä»–,"https://tvax2.sinaimg.cn/crop.0.0.512.512.180/007YbwMPly8hsvubqtdp7j30e80e8mxv.jpg?KID=imgbed,tva&Expires=1733035869&ssig=q2AUAJZIW2"
5106158496653269,2024-11-30,1,å¤©æ´¥,ä¸€ä¸ªé è¯•è¡£é—¨åšå¹¿å‘Šçš„å…¬å¸ï¼Œä»æ¥æ²¡ä¹°è¿‡ï¼Œæƒ³æƒ³éƒ½è§‰å¾—æ¶å¿ƒã€‚,å¤æ´¥å¤§åŒ,m,å…¶ä»–,"https://tvax1.sinaimg.cn/crop.0.0.996.996.180/007RykPUly8gi9artxbb3j30ro0romz4.jpg?KID=imgbed,tva&Expires=1733035869&ssig=MwTMWplSIp"
5105116654863613,2024-11-27,2593,æ±Ÿè‹,æ²¡æœ‰ä»€ä¹ˆèƒ½å¤Ÿé˜»æŒ¡,æŸå¤©æˆ‘ä¸ºä½ å†™è¯—,f,å…¶ä»–,"https://tvax1.sinaimg.cn/crop.0.0.1080.1080.180/007aBBOHly8hvdeq4hya6j30u00u0wg6.jpg?KID=imgbed,tva&Expires=1733035872&ssig=8eiCR576pT"
5105116654863613,2024-11-27,1504,å››å·,æœ‰è§è¯†çš„é±¼ç•™ä¸‹äº†ä¸ªä¼ è¯´ï¼šå¬è¯´å¾ˆä¹…å¾ˆä¹…ä»¥å‰æœ‰çš„æ°´åŸŸä¼šæœ‰çŸ³æ¥ èŠ±çš„å‘³é“â€¦,ç¾ä¸¸è„¸å¤§è’‚,f,å…¶ä»–,"https://tvax1.sinaimg.cn/crop.0.0.511.511.180/008GFHaily8hw17wct2x5j30e80e7q3b.jpg?KID=imgbed,tva&Expires=1733035872&ssig=DmspVeO3ao"
5105116654863613,2024-11-27,1469,åŠ æ‹¿å¤§,æµ·è“ä¹‹ç³œ,åœ£é€¼ç¥å¥³å¤§æˆ˜é‚ªæ·«ä¹‹å­,f,å†…è’™å¤,"https://tvax4.sinaimg.cn/crop.0.0.388.388.180/006skw0hly1htfdmuicywj30as0as74h.jpg?KID=imgbed,tva&Expires=1733035872&ssig=0BFYrBq2Ig"
5105116654863613,2024-11-27,2132,å¾·å›½,omgä½ ä»¬å¼‚æ€§æ‹æ€ä¹ˆâ€¦ç¥æµ·æ´‹åˆ›ä¼¤å¼§èŒæ£€æµ‹é˜³æ€§ğŸ™,Gabriel_bs,m,å››å· æˆéƒ½,"https://tvax3.sinaimg.cn/crop.0.0.1080.1080.180/0073BTHHly8gmnhp9wzypj30u00u0tas.jpg?KID=imgbed,tva&Expires=1733035872&ssig=5BQAKK77ac"
5105116654863613,2024-11-27,562,ç½—ä¼¯ç‰¹è´±èŒç‰ˆ,æ½œæ°´ç…§ï¼Ÿè¿˜æ˜¯æµªæ¼«æ°´ä¸‹å©šçº±ç…§ï¼Ÿä½ ä»¬è¿™æ˜¯è¦ä¸Šå¤©å•Šï¼,è¯„è®ºç½—ä¼¯ç‰¹,f,æµ·å¤–,"https://tvax3.sinaimg.cn/crop.0.0.512.512.180/006i0XtAly8htt0v6r8pjj30e80e874t.jpg?KID=imgbed,tva&Expires=1733035872&ssig=%2BH7ZaBD6h%2B"
5105116654863613,2024-11-27,471,è¾½å®,ç­‰ä¼šäº¤å‰æ„ŸæŸ“äº†å°±å¥½äº†,Pinky_Bunny,m,åŒ—äº¬,"https://tvax4.sinaimg.cn/crop.0.0.729.729.180/008AupLSly8hvs080s9jwj30k90k9ac6.jpg?KID=imgbed,tva&Expires=1733035872&ssig=VtmwO6YH09"
5105116654863613,2024-11-27,393,ç¦å»º,åœ¨æµ·é‡Œè¯•è¯•é²é±¼å¾ˆæ­£å¸¸å•¦[ç¬‘å“ˆå“ˆ],Heartbroken-Tequila,m,æµ·å¤–,"https://tvax4.sinaimg.cn/crop.0.0.574.574.180/0089zTWcgy1hw3tf8ctsej30fy0fywgb.jpg?KID=imgbed,tva&Expires=1733035872&ssig=qlaHc8SV9U"
5105116654863613,2024-11-27,354,å¹¿ä¸œ,ç»“æœç”Ÿå‡ºå‡ æ¡å°é±¼,å½“ç„¶æ˜¯ç”»ä¸­ç”»å•¦,m,å…¶ä»–,"https://tvax3.sinaimg.cn/crop.0.0.512.512.180/006ZTP9wly8hvzsv5rvgbj30e80e8aan.jpg?KID=imgbed,tva&Expires=1733035872&ssig=rDaGoTQZMc"
5105116654863613,2024-11-27,270,æ¹–å—,è¿™æ ·å°±ä¸ç”¨æ´—æ¾¡äº†ï¼Œå¥½å®ç”¨çš„ç”Ÿæ´»å°æŠ€å·§[ç¬‘å“ˆå“ˆ],çº ç»“äºçˆ±-,f,æ¹–å—,"https://tvax1.sinaimg.cn/crop.0.0.1000.1000.180/008apfIbly8hvdhundk8ij30rs0rsjt2.jpg?KID=imgbed,tva&Expires=1733035872&ssig=m8%2FcREydPG"
5105116654863613,2024-11-27,272,é‡åº†,ã€‚æˆ‘åªçŸ¥é“æ³³æ± å’Œæµ·è¾¹ä¼šæœ‰å¾ˆå¤šäººå·å·æ’’å°¿[è£‚å¼€][è£‚å¼€][è£‚å¼€],æ— æƒ…åå¦ˆ-_,f,å…¶ä»–,"https://tvax1.sinaimg.cn/crop.0.0.1080.1080.180/0084YK01ly8hvsp7u0mcej30u00u0jt9.jpg?KID=imgbed,tva&Expires=1733035872&ssig=wNpclTiCaT"
5105116654863613,2024-11-27,96,æ¹–å—,@MapleSugar__ [è·ªäº†][è·ªäº†][è·ªäº†]æ¯å¤©25ä¸ªå°æ—¶åå¯¹å¼‚æ€§æ‹,Chip_s_,m,å…¶ä»–,"https://tvax1.sinaimg.cn/crop.0.0.512.512.180/006cXU86ly8hr792oe4luj30e80e8mxs.jpg?KID=imgbed,tva&Expires=1733035872&ssig=KiIsOLoEkw"
5105116654863613,2024-11-27,83,å±±ä¸œ,å¦ˆçš„,å¿˜è®°è¿‡å»å°±èƒ½å¾—åˆ°å¹¸ç¦å—,f,å…¶ä»–,"https://tvax1.sinaimg.cn/crop.0.0.1080.1080.180/005yjVUUly8hvvev4bi68j30u00u075z.jpg?KID=imgbed,tva&Expires=1733035872&ssig=6oWa%2FlPfGD"
5105116654863613,2024-11-27,80,ç¦å»º,è¿™æµ·æ°´ä¸è„å—[å…æ‚²],0å·é—ªç”µä¾ kk,m,å…¶ä»–,"https://tvax4.sinaimg.cn/crop.0.0.720.720.180/008s8giNly8ho04xx1k9zj30k00k0gmj.jpg?KID=imgbed,tva&Expires=1733035872&ssig=RThbYi2sr8"
5105116654863613,2024-11-27,26,åŒ—äº¬,æœ‰æ²¡æœ‰äººè¯´ä¸€ä¸‹ä»€ä¹ˆæ„Ÿå—,æ³™æ²¦ç½—æ³ŠæŒ,m,æµ·å¤– ç¾å›½,"https://tvax3.sinaimg.cn/crop.0.0.1080.1080.180/008kFASkly8hlzaxe31n8j30u00u0di0.jpg?KID=imgbed,tva&Expires=1733035872&ssig=2zoB9fSJto"
5105116654863613,2024-11-27,100,å¹¿ä¸œ,æ¥å‡ æ¡é±¼é’»è¿›å»åŠ å…¥ä½ ä»¬,é†‹æ˜†å¸ƒæ‹Œç”Ÿé¸¡è›‹æ‹Œé¥­,f,å…¶ä»–,"https://tvax1.sinaimg.cn/crop.0.0.971.971.180/c9bc823cly8htvr16yffoj20qz0qzab9.jpg?KID=imgbed,tva&Expires=1733035872&ssig=K2bJxxBt2V"
5105116654863613,2024-11-27,2,å¹¿è¥¿,@è¨€å’Œæœ¨æœˆ,å¥½å›°å¥½å›°å¥½å›°moon,f,å…¶ä»–,"https://tvax1.sinaimg.cn/crop.0.0.512.512.180/006aL59Wly8htnrhskib7j30e80e8aae.jpg?KID=imgbed,tva&Expires=1733035872&ssig=dpEMkfA5eR"
5105116654863613,2024-11-27,6,æ²³å—,ï¼Ÿï¼Ÿï¼Ÿ@åœŸè±†æ•‘ä¸–ä¸» @KaSaeki @ä»è¥¿å‘ä¸œåˆ’è¿‡çš„æµæ˜Ÿ @èŒèŒæŸšå†¬å†¬ @æ‹ç‹—ä¸åƒæ¿æ — @ä»è¥¿å‘ä¸œåˆ’è¿‡çš„æµæ˜Ÿ @ç‚¡æ±½æ‚è´§é“º,å°é›ªæ€ªä¸æ˜¯å°ç‹—,f,æµ·å¤–,"https://tvax2.sinaimg.cn/crop.0.0.468.468.180/006d6Cfzly8hukqu5t2ilj30d00d0jrz.jpg?KID=imgbed,tva&Expires=1733035872&ssig=dlbIhbh2Q5"
5105116654863613,2024-11-27,2,å››å·,@ä¸€å£ä¸€ä¸ªå¾å°å…«_ @æŠ±èµ°æˆ‘æ–¹å±±ç‰™å­ @æ˜¯è°å®¶å¤§å¤´å•Š_Renaissance @ä»“ä»“ç®¡ç†å›­ @é—»ä¸€é—»æ–°è½©é¸­è¡€_ @å°ç‹æ‹‰é¢é¦† å“æ­»æˆ‘äº†,åŒé¢‘é¦¥å¸,f,å››å·,"https://tvax1.sinaimg.cn/crop.0.0.1080.1080.180/008sXU3Cly8hrjjays0x3j30u00u0abp.jpg?KID=imgbed,tva&Expires=1733035872&ssig=4P9Lf7%2B1IE"
5105116654863613,2024-11-27,9,å¹¿ä¸œ,æ²¡æœ‰ä»€ä¹ˆèƒ½å¤Ÿé˜»æŒ¡,é™å€™é¼ å‡æ—¥,f,å¹¿ä¸œ,"https://tvax1.sinaimg.cn/crop.0.0.690.690.180/006CyDl6ly8hu68myr0xdj30j60j6q3d.jpg?KID=imgbed,tva&Expires=1733035872&ssig=DjgAbV6xJ9"
5105941664498108,2024-11-29,40,é»‘é¾™æ±Ÿ,æ—©å®‰,æ¡ƒä¹815,f,é»‘é¾™æ±Ÿ,"https://tvax2.sinaimg.cn/crop.0.0.1080.1080.180/007bVmGMly8huxer4sjmnj30u00u177j.jpg?KID=imgbed,tva&Expires=1733035874&ssig=3DVeogy0Vn"
5105941664498108,2024-11-29,33,å¹¿ä¸œ,(^_^)ï¼æ—©ä¸Šå¥½,äº‘å·æ¶›é£,f,å¹¿ä¸œ,"https://tvax1.sinaimg.cn/crop.0.0.1080.1080.180/cfed68fdly8h8bbdz9d10j20u00u0aed.jpg?KID=imgbed,tva&Expires=1733035874&ssig=KbRCwnoNF%2F"
5105941664498108,2024-11-29,18,æœªçŸ¥,æ—©ä¸Šå¥½[å¤ªé˜³][å¤ªé˜³][å¤ªé˜³][å¤ªé˜³],åŒ—äº¬å¤§å…´æ¶ˆé˜²,m,åŒ—äº¬ å¤§å…´åŒº,"https://tvax2.sinaimg.cn/crop.0.0.879.879.180/005VK5gyly8ha5qnqzp8bj30of0ofmzi.jpg?KID=imgbed,tva&Expires=1733035874&ssig=viIzzjH0dH"
5105941664498108,2024-11-29,8,ç¦å»º,å¥½å¥½çˆ±è‡ªå·±ï¼Œè¿‡å¼ å¼›æœ‰åº¦çš„ç”Ÿæ´»ï¼Œæ„¿ä½ å¿ƒå¢ƒæ¾„æ¾ˆï¼Œå¹¸ç¦ç›¸ä¼´ï¼Œæ´»å¾—è¸å®è€Œç²¾å½©ï¼Œæ—©å®‰ã€‚[å¤ªé˜³][å¤ªé˜³],æ¸©æŸ”çš„ç»†è¯­,f,å…¶ä»–,"https://tvax4.sinaimg.cn/crop.0.0.719.719.180/007MGNMoly8hcgjqqhiuaj30jz0jzq5t.jpg?KID=imgbed,tva&Expires=1733035874&ssig=HklcANs5Xh"
5105941664498108,2024-11-29,7,é©¬æ¥è¥¿äºš,æ—©å®‰ï½,éœ“è™¹ç”œG,m,æµ·å¤– å…¶ä»–,"https://tvax3.sinaimg.cn/crop.0.0.225.225.180/008gznm8ly8hrj7ld50v9j3069069q2t.jpg?KID=imgbed,tva&Expires=1733035874&ssig=ly476IYBxr"
5105941664498108,2024-11-29,8,ä¸Šæµ·,å¿ƒå¢ƒæ¾„æ¾ˆ å¹¸ç¦ç›¸ä¼´ã€‚æ—©å®‰ï¼,çŒ«å°¾æ¥µåˆŠ_,f,æ±Ÿè¥¿,"https://tvax1.sinaimg.cn/crop.0.0.941.941.180/008xYjHcly8hvw7doeedxj30q50q5dhw.jpg?KID=imgbed,tva&Expires=1733035874&ssig=VDNC2iMja3"
5105941664498108,2024-11-29,3,é©¬æ¥è¥¿äºš,æ—©å®‰,è‹çŠå® å¦®å¦®,f,æµ·å¤–,"https://tvax2.sinaimg.cn/crop.0.0.1080.1080.180/0089u9Unly8hv4te7odtpj30u00u0di9.jpg?KID=imgbed,tva&Expires=1733035874&ssig=TnBCYY9jv%2B"
5105941664498108,2024-11-29,4,å¤©æ´¥,æ—©å®‰ï¼[é²œèŠ±],ä¹ä¹-live,f,å¤©æ´¥,"https://tvax3.sinaimg.cn/crop.0.0.640.640.180/008epeKily8h7wtwq6lwlj30hs0hsmxm.jpg?KID=imgbed,tva&Expires=1733035874&ssig=E7Ji8V%2FJAS"
5105941664498108,2024-11-29,0,æœªçŸ¥,æ–°çš„ä¸€å¤©ï¼Œä¸€èµ·åŠ æ²¹å§ğŸŠğŸŠhttp://t.cn/A6m5zZPG,å¥åº·æˆéƒ½å®˜å¾®,f,å››å· æˆéƒ½,"https://tvax1.sinaimg.cn/crop.0.0.996.996.180/c547f14ely8gvx1d0zh92j20ro0roadp.jpg?KID=imgbed,tva&Expires=1733035874&ssig=dXsgLPdes7"
5105941664498108,2024-11-29,4,é©¬æ¥è¥¿äºš,æ—©å®‰,ä¸ºäº†æ·±æ·±ä¸€ç›´åœ¨wbçš„ç”Ÿç±³,f,æµ·å¤– é©¬æ¥è¥¿äºš,"https://tvax2.sinaimg.cn/crop.67.0.834.834.180/008iWH9Gly8hky6z0uwljj30qw0n6wg1.jpg?KID=imgbed,tva&Expires=1733035874&ssig=ahCq1qfHDn"
5105941664498108,2024-11-29,4,æ—¥æœ¬,æ—©å®‰,æœ‰å¤©å¾ˆæ»¡è¶³,f,æµ·å¤–,"https://tvax4.sinaimg.cn/crop.0.0.828.828.180/0076jO7cly8hbtvvam0zcj30n00n00th.jpg?KID=imgbed,tva&Expires=1733035874&ssig=EpkzwISRFw"
5105941664498108,2024-11-29,0,æœªçŸ¥,æ—©å®‰http://t.cn/A6m52Vr5,æˆéƒ½å…¬å®‰,m,å››å·,"https://tvax3.sinaimg.cn/crop.0.0.1080.1080.180/838966c5ly8h8vgblnuw0j20u00u0mzn.jpg?KID=imgbed,tva&Expires=1733035874&ssig=ZqbKdVhhTe"
5105941664498108,2024-11-29,4,å¹¿ä¸œ,æ—©å®‰,å°èŒ¶å£¶å°ç‹ç‹¸,f,å…¶ä»–,"https://tvax3.sinaimg.cn/crop.0.0.928.928.180/e430d42dly8hisqp4kyhfj20ps0psabn.jpg?KID=imgbed,tva&Expires=1733035874&ssig=0pwc8n7F8x"
5105941664498108,2024-11-29,2,æµ™æ±Ÿ,å‘¨äº”æ„‰å¿«[è€¶],å®‰çªæœ‰äº¿ç‚¹å°æ¡ƒæ°”,f,æµ™æ±Ÿ,"https://tvax3.sinaimg.cn/crop.0.0.1080.1080.180/008s3XSMly8hw2uruosa1j30u00u0q4g.jpg?KID=imgbed,tva&Expires=1733035874&ssig=fLOD7vNDJy"
5105941664498108,2024-11-29,2,é©¬æ¥è¥¿äºš,æ—©å®‰,æˆ´å§çš„å°è‹çŠ,f,æµ·å¤–,"https://tvax2.sinaimg.cn/crop.0.0.512.512.180/008lwZ4gly8hgf03ni3khj30e80e8751.jpg?KID=imgbed,tva&Expires=1733035874&ssig=BN1J6d0eCm"
5105941664498108,2024-11-29,3,æ–°åŠ å¡,å¼€å¿ƒæ¯ä¸€å¤©ï¼Œå¥½å¥½çˆ±è‡ªå·±[é€èŠ±èŠ±]æ—©å®‰ï¼,æ¥è‡ªèŠ±å›­åŸå¸‚æ–°åŠ å¡,f,æµ·å¤– å…¶ä»–,"https://tvax2.sinaimg.cn/crop.0.0.1080.1080.180/0089j921ly8h70do4x5znj30u00u0ta1.jpg?KID=imgbed,tva&Expires=1733035874&ssig=HJDXe%2BLyDI"
5105941664498108,2024-11-29,4,å¹¿ä¸œ,æ—©ä¸Šå¥½[å“‡],æ˜¯JIANMIN,f,å¹¿ä¸œ,"https://tvax1.sinaimg.cn/crop.0.0.1024.1024.180/0070QnBmly8hqh1mq9l1vj30sg0sg0x5.jpg?KID=imgbed,tva&Expires=1733035874&ssig=A2FVb3tTnn"
5105941664498108,2024-11-29,3,å¹¿ä¸œ,æ—©å®‰,å¨ƒå¨ƒå¯»é¾™,f,ç¦å»º,"https://tvax2.sinaimg.cn/crop.0.0.996.996.180/007v1cbaly8g8w2k2a7hfj30ro0ro40c.jpg?KID=imgbed,tva&Expires=1733035874&ssig=k94AcuL%2B5J"
5105941664498108,2024-11-30,1,å¹¿ä¸œ,æ—©ä¸Šå¥½(à¹‘â€¢Ì€Ï‰â€¢Ìà¹‘)ğŸŒ,å€¦å¾—å¾ˆ,f,å…¶ä»–,"https://tvax2.sinaimg.cn/crop.0.0.746.746.180/008xNJduly8hv74innndhj30kq0kqgmh.jpg?KID=imgbed,tva&Expires=1733035874&ssig=zwjvotU3QG"
5105941664498108,2024-11-30,1,ç¦å»º,æ—©å®‰,æ˜¯ä¸€æœµå°å¤ªé˜³èŠ±å‘€,m,å…¶ä»–,"https://tvax2.sinaimg.cn/crop.0.0.1080.1080.180/008hksF1ly8gy7bf6lbaaj30u00u00v9.jpg?KID=imgbed,tva&Expires=1733035874&ssig=9pRO1woH7r"
5105407297061037,2024-11-29,0,å¹¿ä¸œ,6,éšæ‰‹è§£æ•‘è´«å›°äººå£«V,m,å…¶ä»–,"https://tva1.sinaimg.cn/crop.0.0.180.180.180/69896799jw1e8qgp5bmzyj2050050aa8.jpg?KID=imgbed,tva&Expires=1733035879&ssig=V1ggl37dd2"
5105407297061037,2024-11-29,0,æ¹–åŒ—,ç®€å•çš„å¿«ä¹ã€‚,æˆ‘ä»¬å»æ—…è¡ŒVow,m,å…¶ä»–,"https://tvax4.sinaimg.cn/crop.0.0.512.512.180/3e0c947aly8futt59mhh4j20e80e874z.jpg?KID=imgbed,tva&Expires=1733035879&ssig=lkmnC6VeDL"
5105407297061037,2024-11-28,0,å¹¿ä¸œ,[é²œèŠ±][é²œèŠ±][é²œèŠ±],é‡‡è˜‘è‡çš„åˆºçœ¼é˜³å…‰,m,å¹¿ä¸œ å¹¿å·,"https://tvax3.sinaimg.cn/crop.0.0.512.512.180/006r1Cwdly8hcffq4q7r1j30e80e8wet.jpg?KID=imgbed,tva&Expires=1733035879&ssig=Ndk2iqdPcl"
5105407297061037,2024-11-30,1,æµ™æ±Ÿ,è¿˜ä¸é”™,æ°´è‰²æ¾„æ¾ˆ,f,æ–°ç–† ä¹Œé²æœ¨é½,"https://tvax2.sinaimg.cn/crop.0.0.1080.1080.180/a8dca930ly8fy7snzmxvbj20u00u0t9n.jpg?KID=imgbed,tva&Expires=1733035879&ssig=Pd1e%2FhjiAX"
5105407297061037,2024-11-28,0,ç”˜è‚ƒ,[å¿ƒ][å“ˆå“ˆ],æ³ªæŸ“éœœé›ª,m,å…¶ä»–,"https://tvax3.sinaimg.cn/crop.0.0.500.500.180/008DmjA9ly8hw179pk3f7j30dw0dwgmu.jpg?KID=imgbed,tva&Expires=1733035879&ssig=rDC3PZDViy"
5105355935715291,2024-11-27,1,æ²³åŒ—,æˆ‘ä¹Ÿæƒ³å½“ä½ ç”·æœ‹å‹,å¤©ç½¡å®ˆè¯š,m,æµ·å¤–,"https://tvax2.sinaimg.cn/crop.0.0.906.906.180/006U3xDBly8h0taxc98kkj30p60p6gnc.jpg?KID=imgbed,tva&Expires=1733035882&ssig=0e7EYkzQ6y"
5105355935715291,2024-11-30,1,å¹¿ä¸œ,æ¬¢ä¹æ—¶å…‰[å¤ªå¼€å¿ƒ][å¤ªå¼€å¿ƒ],æ—¶å…‰æš–å¿ƒæµ…æµ…ç¬‘,f,å±±ä¸œ çƒŸå°,"https://tva1.sinaimg.cn/crop.0.216.864.864.180/0066lu5Jjw8erfwhqp3hfj30o0100grr.jpg?KID=imgbed,tva&Expires=1733035882&ssig=%2BuyXenHTFj"
5105355935715291,2024-11-28,1,æ²³å—,æƒ³çˆ†ç‚’[æ³ª][å…æ‚²],ç¾å¥³å¿«å¿«æ¥-,m,æ²³å—,"https://tvax4.sinaimg.cn/crop.0.0.500.500.180/008GDB2Jly8hv34eiyhq3j30dw0dwab8.jpg?KID=imgbed,tva&Expires=1733035882&ssig=CrqdMIUcoI"
5105355935715291,2024-11-30,0,æ±Ÿè‹,ç¾¡æ…•æˆ‘å¹²ä»€ä¹ˆ,çˆ±ç¬‘çš„çš®å¤¹å…‹,m,å…¶ä»–,"https://tvax2.sinaimg.cn/crop.0.0.132.132.180/008H44txly4hw404lgxy7j303o03o744.jpg?KID=imgbed,tva&Expires=1733035882&ssig=znW6z2zUA0"
5105355935715291,2024-11-27,0,ä¸Šæµ·,å¸Œæœ›å¤©å¤©å¼€å¿ƒï¼,ç”¨æˆ·7964944046,m,å…¶ä»–,"https://tvax2.sinaimg.cn/crop.0.0.132.132.180/008H25Nsly4hvy4lvvzr0j303o03oa9u.jpg?KID=imgbed,tva&Expires=1733035882&ssig=QhUJvHYVIb"
5105355935715291,2024-11-27,0,å››å·,éå¸¸èµåŒï¼,å±±æœˆä¸çŸ¥å¿ƒåº•äº‹_198309,m,å…¶ä»–,"https://tvax4.sinaimg.cn/crop.0.0.132.132.180/008H18TTly4hvy4widfnuj303o03o0sj.jpg?KID=imgbed,tva&Expires=1733035882&ssig=55yzmrhGIu"
5105355935715291,2024-11-27,0,å››å·,[å›´è§‚]æ¥äº†ï¼Œå†’ä¸ªæ³¡,ç”¨æˆ·7964944263,m,å…¶ä»–,"https://tvax4.sinaimg.cn/crop.0.0.132.132.180/008H25QXly4hvy5lfvxm5j303o03o744.jpg?KID=imgbed,tva&Expires=1733035882&ssig=TpUHEFRVNr"
5105355935715291,2024-11-27,0,æ±Ÿè¥¿,å¸®è½¬äº†ï¼,careful199911,m,å…¶ä»–,"https://tvax1.sinaimg.cn/crop.0.0.132.132.180/008H1Kctly4hvy5umbvxej303o03oq2r.jpg?KID=imgbed,tva&Expires=1733035882&ssig=jnPwxn3BSx"
5105355935715291,2024-11-27,0,æ¹–åŒ—,å¾ˆç¾å“¦ï¼Œå€¼å¾—ä¸€èµ,ç”¨æˆ·7965058589,m,å…¶ä»–,"https://tvax2.sinaimg.cn/crop.0.0.132.132.180/008H2zAVly4hvy5vfhv0mj303o03ojr9.jpg?KID=imgbed,tva&Expires=1733035882&ssig=f5sZwK8MJz"
5105355935715291,2024-11-27,0,å¹¿ä¸œ,çˆ±ä½ ï¼Œæ²¡æœ‰ç†ç”±ï¼Œæ£’æ£’å“’[good],ç”¨æˆ·7965058551,m,å…¶ä»–,"https://tvax1.sinaimg.cn/crop.0.0.132.132.180/008H2zAjly4hvy5punurlj303o03o0sj.jpg?KID=imgbed,tva&Expires=1733035882&ssig=e5QrfBmLd1"
5105355935715291,2024-11-27,0,æ¹–åŒ—,å“ˆå“ˆå“ˆ  äº²~,çˆ±æ¢¦201307,m,å…¶ä»–,"https://tvax4.sinaimg.cn/crop.0.0.132.132.180/008H18Z3ly4hvy67cbxjij303o03o0sk.jpg?KID=imgbed,tva&Expires=1733035882&ssig=AzwCA7qyeH"
5105355935715291,2024-11-27,0,å››å·,å“å‘€å‘€å‘€å‘€å‘€å‘€å‘€å‘€å‘€å‘€å‘€,ç”¨æˆ·7964717912,m,å…¶ä»–,"https://tvax1.sinaimg.cn/default/images/default_avatar_male_180.gif?KID=imgbed,tva&Expires=1733035882&ssig=toh2nsTiV8"
5105355935715291,2024-11-27,0,æµ™æ±Ÿ,å¤šå¤šåŠ æ²¹ï¼Œå¤šå¤šåŠå¥½äº‹å„¿,è«å‡¡_202206,m,å…¶ä»–,"https://tvax2.sinaimg.cn/crop.0.0.132.132.180/008GXQOfly4hvy604x6dhj303o03oq2t.jpg?KID=imgbed,tva&Expires=1733035882&ssig=brMFqueHrF"
5106205648748803,2024-11-30,1,å¹¿ä¸œ,ä¸»é¡µç¬¬ä¸€æ¡æ‰¾æˆ‘å‘€[å¿ƒ],å¿ƒç—…è¿˜éœ€è¦å¿ƒè¯æ¥åŒ»å—,f,å…¶ä»–,"https://tvax3.sinaimg.cn/crop.0.0.1044.1044.180/75f1cbdbly8hw2mt98j71j20t00t1dik.jpg?KID=imgbed,tva&Expires=1733035885&ssig=N%2Bq907XoTf"
5106205648748803,2024-11-30,0,å¹¿è¥¿,æƒ³çœ‹çœ‹,é’è¨Š,m,å…¶ä»–,"https://tvax3.sinaimg.cn/crop.0.0.132.132.180/008jriS0ly4gqxtusfdtxj303o03owec.jpg?KID=imgbed,tva&Expires=1733035885&ssig=nfWrOKTbYm"
5106205648748803,2024-11-30,0,å±±ä¸œ,æƒ³çœ‹,åä¸ƒè‹619,m,å…¶ä»–,"https://tvax1.sinaimg.cn/crop.0.0.1080.1080.180/007cT2Baly8hw3af8mzmsj30u00u0797.jpg?KID=imgbed,tva&Expires=1733035885&ssig=7dC4pfBwb2"
5106205648748803,2024-11-30,0,æ¹–åŒ—,æƒ³çœ‹,å¹¸ç¦è¿‡å¤´åƒç“œå¦¹,m,å±±ä¸œ æµå—,"https://tvax1.sinaimg.cn/crop.0.0.1080.1080.180/006T7PcSly8gfob0pr7rrj30u00u00um.jpg?KID=imgbed,tva&Expires=1733035885&ssig=WE%2BQ3ItIFM"
5106205648748803,2024-11-30,0,æ¹–åŒ—,6,è‘¡è„ç”œå¥¶èµ·å¸,f,å¹¿ä¸œ å¹¿å·,"https://tvax2.sinaimg.cn/crop.0.0.1080.1080.180/a37a5129ly8hbj7o3rtjij20u00u0abc.jpg?KID=imgbed,tva&Expires=1733035885&ssig=DZ0%2F8%2Fa%2Bv7"
5106205648748803,2024-11-30,0,å¹¿ä¸œ,æˆ‘çœ‹çœ‹,çˆ±åƒé¦™èœçš„å°ç•ªèŒ„_,m,å…¶ä»–,"https://tvax3.sinaimg.cn/crop.0.0.662.662.180/008AI23dly8hih841gz2gj30ie0ie0t2.jpg?KID=imgbed,tva&Expires=1733035885&ssig=MdtCLxQ4HF"
5106205648748803,2024-11-30,0,å¹¿ä¸œ,æƒ³çœ‹[doge],é€†11-,f,å…¶ä»–,"https://tvax4.sinaimg.cn/crop.0.0.512.512.180/d5639c77ly8hw2itikovhj20e80e80t5.jpg?KID=imgbed,tva&Expires=1733035885&ssig=nCYHFDyTfe"
5106205648748803,2024-11-30,0,å¹¿ä¸œ,[å…æ‚²],é‚®ä¸€ç½ç”œç”œåœˆ,f,å¹¿ä¸œ ä½›å±±,"https://tvax1.sinaimg.cn/crop.0.0.1080.1080.180/6f5c42fdly8hjgadyu816j20u00u0wn6.jpg?KID=imgbed,tva&Expires=1733035885&ssig=Sd5Q9TtJ%2BP"
5106205648748803,2024-11-30,0,æµ™æ±Ÿ,çœ‹ğŸ‘€,æ˜¯é“­é“­giegieå–”,m,å…¶ä»–,"https://tvax4.sinaimg.cn/crop.0.0.132.132.180/007OczhRly4g39xgvppkcj303o03odfn.jpg?KID=imgbed,tva&Expires=1733035885&ssig=qhtJqjm6W4"
5106205648748803,2024-11-30,0,æ²³å—,çœ‹çœ‹,è‡ªæœˆä¸­æ¥-a,m,å…¶ä»–,"https://tvax1.sinaimg.cn/crop.0.0.639.639.180/008CKEAkly8hw3kcqlqqqj30hr0hrjrq.jpg?KID=imgbed,tva&Expires=1733035885&ssig=%2BG3X3f%2FecJ"
5106205648748803,2024-11-30,0,é‡åº†,æƒ³çœ‹[æ³ª],ç”¨æˆ·7948546501,f,å…¶ä»–,"https://tvax1.sinaimg.cn/default/images/default_avatar_female_180.gif?KID=imgbed,tva&Expires=1733035885&ssig=YzRbqJZlwp"
5106205648748803,2024-11-30,0,æ²³å—,æƒ³,ç”¨æˆ·7965643152,m,æ²³å— æ´›é˜³,"https://tvax1.sinaimg.cn/crop.0.0.1026.1026.180/008H51Fmly8hw3kv9fg1dj30si0simzn.jpg?KID=imgbed,tva&Expires=1733035885&ssig=IZTxjW6WU4"
5106207717065354,2024-11-30,0,åŒ—äº¬,å½“ç„¶å¯ä»¥ï¼ä½ å¯ä»¥é€‰æ‹©åªè´´å‡ç«æ¯›å’ŒåŒçœ¼çš®è´´ï¼Œè¿™æ ·å¯ä»¥è®©çœ¼ç›æ›´æœ‰ç¥é‡‡ï¼ŒåŒæ—¶ä¿æŒè‡ªç„¶è‚¤è‰²ã€‚ä¸è¿‡è¦æ³¨æ„çœ¼éƒ¨ä¿æ¹¿å“¦ï¼Œä»¥å…å‡ºç°ç»†çº¹æˆ–è„±å¦†ã€‚,ç¾å¦†å°ç”œè±†,f,å…¶ä»–,"https://tvax1.sinaimg.cn/crop.0.0.513.513.180/008DC31tly8hp0ua97mrmj30e90e974t.jpg?KID=imgbed,tva&Expires=1733035887&ssig=75wPbD0OIW"
5106207635543934,2024-11-30,1,èŠ¬å…°,æˆ‘å‘ç°ï¼Œå®¹æ˜“ç„¦è™‘çš„äººï¼Œå®é™…ä¸Šåšäº†å¾ˆå¤šäº‹æƒ…è¯¶ï¼,é»„è‰²æ˜¯æœ€æ¸©æš–çš„é¢œè‰²,f,æµ·å¤– å…¶ä»–,"https://tva4.sinaimg.cn/crop.40.40.100.100.180/8d7f8040jw8fbehow3ppyj2050050a9t.jpg?KID=imgbed,tva&Expires=1733035890&ssig=PhE13srfl4"
5106207635543934,2024-11-30,0,æ¹–åŒ—,å¥½æƒ³å½“ä½ çš„é‚»å±… ç„¶åäº’ç›¸æŠ•å–‚,æ›´åå°äºŒé»‘,f,æµ·å¤–,"https://tvax4.sinaimg.cn/crop.0.0.600.600.180/68b039c1ly8haxghkchwwj20go0got9s.jpg?KID=imgbed,tva&Expires=1733035890&ssig=kHku7h3330"
5106207717064984,2024-11-30,0,å†…è’™å¤,å“ˆå“ˆå“ˆå“ˆï¼ä½ å¥½å¯çˆ±[æ‰“call],å®œå¯å°Šè½,f,å…¶ä»–,"https://tvax4.sinaimg.cn/crop.0.0.960.960.180/007XhIOHly8hvi5icqtjlj30qo0qodix.jpg?KID=imgbed,tva&Expires=1733035892&ssig=iEsNITIPyn"
5106207716540874,2024-11-30,0,å››å·,ç‹å±¯,èµ«é²è€å¤«å­,m,å…¶ä»–,"https://tvax4.sinaimg.cn/crop.0.0.1024.1024.180/005HFSYTly8hvrmsjl3psj30sg0sgwg8.jpg?KID=imgbed,tva&Expires=1733035897&ssig=Ek6GVKBVJ9"
5106207716540874,2024-11-30,0,ç½—ä¼¯ç‰¹,è¿™æ ·çš„å‹æƒ…ï¼Œæ¯”æ”’é’±è¿˜çè´µï¼,è¯„è®ºç½—ä¼¯ç‰¹,f,æµ·å¤–,"https://tvax3.sinaimg.cn/crop.0.0.512.512.180/006i0XtAly8htt0v6r8pjj30e80e874t.jpg?KID=imgbed,tva&Expires=1733035897&ssig=OEW5z3IkiU"
5106207649434970,2024-11-30,0,äº‘å—,ç¬¬ä¸€æ¬¡æ¥ç©å•¤æ˜¯ä½ å¸¦æˆ‘æ¥çš„ ç„¶ååé¢æˆ‘ç›´æ¥å»é‚£é‡Œè¿‡ç”Ÿæ—¥,ä¹æœˆå°å§œ,f,å…¶ä»–,"https://tvax2.sinaimg.cn/crop.0.0.828.828.180/007D9uMgly8gzz52gf1x2j30n00n0dfz.jpg?KID=imgbed,tva&Expires=1733035902&ssig=okbmcyKNSC"
5106207714970546,2024-11-30,0,æ¹–å—,æ”¯æŒ,Loeerå°è’‹åŒå­¦,f,æ¹–å—,"https://tvax1.sinaimg.cn/crop.0.0.959.959.180/008AVql4ly8hv36h5c2pbj30qn0qn0u8.jpg?KID=imgbed,tva&Expires=1733035905&ssig=BXzbHqO4EE"
5106207714970546,2024-11-30,0,æ±Ÿè‹,ç”Ÿæ€•ç‚¹é”™,ç”œæ¡ƒQQsweet_,f,æ±Ÿè‹,"https://tvax4.sinaimg.cn/crop.0.0.1080.1080.180/007e5Iazly8hw3g0aq43rj30u00u0ju0.jpg?KID=imgbed,tva&Expires=1733035905&ssig=95%2FXSUNV0b"
5106207714970546,2024-11-30,0,æ²³åŒ—,æ”¯æŒ[doge],å§œä¸€çœ YG,f,å…¶ä»–,"https://tvax4.sinaimg.cn/crop.0.0.1080.1080.180/008y4bT2ly8hw45ktt5mdj30u00u0wic.jpg?KID=imgbed,tva&Expires=1733035905&ssig=Xj4HcxDgOo"
5106207714970546,2024-11-30,0,æ²³åŒ—,æ”¯æŒå“ˆ,æ¨±è½äºˆæº,f,æ²³åŒ—,"https://tvax3.sinaimg.cn/crop.0.0.1080.1080.180/006p84hDly8hvjnlyc2s6j30u00u0gpe.jpg?KID=imgbed,tva&Expires=1733035905&ssig=2T6V3exQtu"
5106207714970546,2024-11-30,0,å¹¿è¥¿,äº”ä¸ªäººé‡Œé¢æœ‰ä¸‰ä¸ªäººç¬¬ä¸€ä¸ªæ˜¯äº’ç§»[ç¬‘cry],Orange_éŸ©å¯„å¸˜ä¸æ©˜,m,å…¶ä»–,"https://tvax3.sinaimg.cn/crop.0.0.1069.1069.180/008CeMtuly8hvrvuqp010j30tp0tptbm.jpg?KID=imgbed,tva&Expires=1733035905&ssig=rh5I3gClKq"
5106207714970546,2024-11-30,0,åŒ—äº¬,å“‡å¡ï¼Œè¶…æ‡‚ç”Ÿæ´»å°çªé—¨è€¶ï¼Œç‚¹ç¬¬ä¸€å°±æ˜¯æ•ˆç‡ç‹é“ï¼Œèªæ˜ç»é¡¶çš„å°å¯çˆ±ï¼,å¤¸å¤¸å°çŒ«çŒ«,f,å…¶ä»–,"https://tvax3.sinaimg.cn/crop.0.0.600.600.180/008CmazUly8huweiil78jj30go0go3zk.jpg?KID=imgbed,tva&Expires=1733035905&ssig=QhPqSLUQUD"
5106207109417725,2024-11-30,0,å¹¿è¥¿,ç´¢å‘½å¤§é•¿è…¿[ç¬‘cry][ç¬‘cry],Aaç§‹åå±±-168,m,ä¸Šæµ·,"https://tvax1.sinaimg.cn/crop.0.0.1080.1080.180/008Ex7l0ly8hqvk0lir9ej30u00u0dlv.jpg?KID=imgbed,tva&Expires=1733035910&ssig=HX1iIrJecA"
5106207109417725,2024-11-30,0,å¹¿è¥¿,èŠ±ç“£åºŠå“¦,Mr_å…­ä¾¿å£«M,m,å¹¿ä¸œ ä¸œè,"https://tvax2.sinaimg.cn/crop.0.0.1080.1080.180/008rQiBUly8gze10qjed3j30u00u0who.jpg?KID=imgbed,tva&Expires=1733035910&ssig=QKQx0eJnpb"
5106207109417725,2024-11-30,0,å¹¿è¥¿,[èˆ”å±][èˆ”å±][èˆ”å±]é©¬ä¸Šåˆ°,è£…ä¸ƒå•Š,m,å¹¿è¥¿ å—å®,"https://tvax4.sinaimg.cn/crop.0.0.689.689.180/008y7sofly8hi3i8evhhjj30j50j5mxy.jpg?KID=imgbed,tva&Expires=1733035910&ssig=ODR32vuU7a"
5106207109417725,2024-11-30,0,æ±Ÿè‹,å§å§å¥½ç¾å¥½çˆ±,å¿…é¡»å–œæ¬¢å§å§,m,æ±Ÿè‹ è‹å·,"https://tvax1.sinaimg.cn/crop.0.0.1080.1080.180/008sCxgNly8h99ia6v6kdj30u00u0wek.jpg?KID=imgbed,tva&Expires=1733035910&ssig=omhoRuQ8KS"
5106207109417725,2024-11-30,0,å¹¿ä¸œ,çœ‹äº†[æ³ª]æˆ‘åˆå¿ä¸ä½,æä¸äºŒå•Šå•Šå•Š,m,å¹¿ä¸œ å¹¿å·,"https://tvax3.sinaimg.cn/crop.0.0.828.828.180/007gl2CVly8hjd6t1rfnuj30n00n00tc.jpg?KID=imgbed,tva&Expires=1733035910&ssig=uuQfTS2975"
5106207109417725,2024-11-30,0,å¹¿è¥¿,è°¢è°¢ï¼Œå¯¹ä¸èµ·,å®å®å°æœ¨,m,å…¶ä»–,"https://tvax3.sinaimg.cn/crop.0.0.512.512.180/007ZSxa4ly8hi5sbhawy8j30e80e8dga.jpg?KID=imgbed,tva&Expires=1733035910&ssig=uKTi2oH9by"
5106207109417725,2024-11-30,0,å››å·,[èˆ”å±],ä¸€ç¹äºº,m,å…¶ä»–,"https://tvax4.sinaimg.cn/crop.0.0.448.448.180/008zUVgEly8hveqwu4y6bj30cg0cgwen.jpg?KID=imgbed,tva&Expires=1733035910&ssig=tLM6ii5MA9"
5106207109417725,2024-11-30,0,è´µå·,çœ‹çœ‹,èŒä¸šç›å–½,m,å…¶ä»–,"https://tvax1.sinaimg.cn/crop.0.0.1080.1080.180/008wB02rly8hsdl7soc54j30u00u0t9p.jpg?KID=imgbed,tva&Expires=1733035910&ssig=ITI%2F9w9VA%2B"
5106207109417725,2024-11-30,0,é™•è¥¿,[çˆ±ä½ ],å¾ˆéš¾ç†è§£å§,m,é™•è¥¿,"https://tvax4.sinaimg.cn/crop.0.0.828.828.180/007HzEvHly8hl473c9t9uj30n00n0408.jpg?KID=imgbed,tva&Expires=1733035910&ssig=Y9XK0e4bMC"
5106207109417725,2024-11-30,0,å¹¿ä¸œ,å¤ªå¥½çœ‹äº†,å¤§è€çˆ·åƒå¤,m,å…¶ä»–,"https://tvax1.sinaimg.cn/crop.0.0.512.512.180/008sP9Lbly8h8kxkny42pj30e80e83z4.jpg?KID=imgbed,tva&Expires=1733035910&ssig=dzs7mpVRFz"
5106207109417725,2024-11-30,0,æ±Ÿè¥¿,å§å§[å¿ƒ],D_ayue,m,å…¶ä»–,"https://tvax4.sinaimg.cn/crop.0.0.1076.1076.180/008E4yP9ly8hppu7qtj60j30tw0twtab.jpg?KID=imgbed,tva&Expires=1733035910&ssig=e%2Fy8Stq%2FKB"
5106207713658432,2024-11-30,0,é‡åº†,å·¨å¤§çš„call back,_è¯‘è¯‘_,f,å‰æ—,"https://tvax2.sinaimg.cn/crop.0.0.960.960.180/008cvxfUly8hvtjnb2ticj30qo0qojto.jpg?KID=imgbed,tva&Expires=1733035913&ssig=%2FNbIkvxAfB"
5106207713658432,2024-11-30,1,é»‘é¾™æ±Ÿ,å¤©æ³¨å®šï¼Œæ²¡æ³•è¯´çš„,ç†ŠçŒ«çœ¼å¤§ä¾ åœ¨å‘å‘†,f,æ–°ç–†,"https://tvax1.sinaimg.cn/crop.0.0.1015.1015.180/006eImfqly8hw4j8rk120j30s70s7tbx.jpg?KID=imgbed,tva&Expires=1733035913&ssig=M%2Bx%2BXfyS%2Bf"
5106207713658432,2024-11-30,1,æµ™æ±Ÿ,å‘½ä¸­æ³¨å®š,å•ƒè¥¿ç“œçš„è«èŠ™,f,ä¸Šæµ·,"https://tvax2.sinaimg.cn/crop.0.0.1080.1080.180/008jJzmdly8gx8xzmsslxj30u00u0gnk.jpg?KID=imgbed,tva&Expires=1733035913&ssig=UUG7KrhTWh"
5106207713658432,2024-11-30,1,å¹¿ä¸œ,æˆ‘è¯´ç¼˜åˆ†å‘[æ³ª],Devise-,f,å¹¿ä¸œ å¹¿å·,"https://tvax3.sinaimg.cn/crop.0.0.1080.1080.180/006u2wL1ly8hvdyldod7zj30u00u07b3.jpg?KID=imgbed,tva&Expires=1733035913&ssig=mpWyLnpmQG"
